"Observation_ID","Observation_Label","Observation_Type","Latitude","Longitude","Year","Mon","Day","State","County","Soil.Series","pedon","taxonname","taxonclass","pedondist","pedondate","muname","eval","Soil"
"GRR.2011.GJS.1","Ionia County RCA Site","Low Intensity Plot: Cover",42.9524166666667,-85.1594722222222,2011,6,20,"Michigan","Ionia County","Ceresco taxajunct","","","",12035.2,2016,"Abscota sandy loam","dump","Abscota"
"GRR.2011.GJS.10","Newaygo County","Low Intensity Plot: Cover",43.6245833333333,-85.9463611111167,2011,6,30,"Michigan","Newaygo County","Kingsville","","","",8395.5,1984,"Kingsville mucky sand","dump","Kingsville"
"GRR.2011.GJS.11","Barry County -Tenkink woods","Community",42.483888889,-85.235833333,2011,7,14,"Michigan","Barry County","Tekenink","","","",2211.4,1984,"Tekenink fine sandy loam, 6 to 12 percent slopes","dump","Tekenink"
"GRR.2011.GJS.12","Barry County - Houghton swamp","Low Intensity Plot: Cover",42.486944444,-85.238611111,2011,7,14,"Michigan","Barry County","Palms","","","",2366.6,1984,"Houghton muck, 0 to 1 percent slopes","dump","Houghton"
"GRR.2011.GJS.13","Allegan County RCA Site: Newton","Low Intensity Plot: Cover",42.67005555,-85.87130555,2011,7,15,"Michigan","Allegan County","Kingsville","","","",2856.4,1978,"Newton mucky fine sand","dump","Newton"
"GRR.2011.GJS.3","Ionia County Shallow Sandy Site 1","Low Intensity Plot: Cover",42.976749,-84.995823,2011,6,6,"Michigan","Ionia County","Pipestone  bedrock substratum","2011MI067200","Pipestone","sandy, mesic, typic endoaquods",-185.9,2011,"Shallow sandy land","keep1","Pipestone"
"GRR.2011.GJS.4","Allegan County RCA Site: Morocco","Low Intensity Plot: Cover",42.5319,-86.0464,2011,6,7,"Michigan","Allegan County","Pipestone","","","",317.7,2013,"Morocco-Newton complex, 0 to 3 percent slopes","dump","Morocco-Newton"
"GRR.2011.GJS.5","Van Buren County RCA Site","Low Intensity Plot: Cover",42.15855,-86.087391,2011,6,8,"Michigan","Van Buren County","Ottokee","","","",5815.8,1982,"Ottokee loamy fine sand, 0 to 3 percent slopes","dump","Ottokee"
"GRR.2011.GJS.6","Lake County RCA Site","Community",43.900262,-85.898901,2011,6,9,"Michigan","Lake County","","","","",3212.8,2013,"Plainfield sand, 0 to 6 percent slopes","dump","Plainfield"
"GRR.2011.GJS.7","Calhoun County County RCA Site","Low Intensity Plot: Cover",42.12333564,-84.92244495,2011,6,13,"Michigan","Calhoun County","Bronson taxajunct","","","",2219.3,1990,"Brady sandy loam, 1 to 4 percent slopes","dump","Brady"
"GRR.2011.GJS.8","Mason County","Low Intensity Plot: Cover",44.0283333333333,-86.2688888888889,2011,6,23,"Michigan","Mason County","Saugatuck","","","",4880.1,1990,"Pipestone-Saugatuck sands, 0 to 4 percent slopes","dump","Pipestone-Saugatuck"
"GRR.2011.GJS.9","Oceana County","Low Intensity Plot: Cover",43.7315277777833,-86.2883888883333,2011,7,19,"Michigan","Oceana County","Kingsville Tax.","","","",8994.4,1989,"Pipestone fine sand, 0 to 4 percent slopes","dump","Pipestone"
"GRR.GJS.2011.14","Berrien County","Community",42.0247166666667,-86.4531,2011,7,29,"Michigan","Berrien County","","","","",2254.4,1975,"Pewamo silt loam","dump","Pewamo"
"GRR.GJS.2011.15","Allegan County RCA Site: Oakville","Low Intensity Plot: Cover",42.5548527777778,-85.8963972222222,2011,8,10,"Michigan","Allegan County","Plainfield  high eco","","","",4680.4,1978,"Plainfield sand, lake plain, 0 to 6 percent slopes","dump","Plainfield"
"GRR.GJS.2011.16","Coastal Plain Marsh 1","Low Intensity Plot: Cover",43.5002166666667,-85.792,2011,8,12,"Michigan","Newaygo County","Brems ","","","",4941.3,1988,"Histosols, dysic","dump","Histosols,"
"GRR.GJS.2011.17","Coastal Plain Marsh 2","Low Intensity Plot: Cover",43.5032166666667,-85.8000333333333,2011,8,12,"Michigan","Newaygo County","Pipestone ","","","",4384.9,1988,"Histosols, dysic","dump","Histosols,"
"GRR.GJS.2011.18","Manistee RCA Site: Benona","General",44.4083333333333,-86.1895166666667,2011,6,29,"Michigan","Manistee County","Benona","","","",3740.6,1997,"Spinks-Coloma sands, 0 to 6 percent slopes","dump","Spinks-Coloma"
"GRR.GJS.2011.19","Oceana RCA Site: Benona","Low Intensity Plot: Cover",43.6297741,-86.50968802,2011,7,12,"Michigan","Oceana County","Benona","","","",1474.1,1989,"Benona sand, 0 to 6 percent slopes","dump","Benona"
"GRR.GJS.2011.2","Ionia County Shallow Sandy Site 2","Soil",42.9774444444444,-84.9948888888889,2011,6,6,"Michigan","Ionia County","-none-","2011MI067201","SND","mesic, lithic udipsamments",0,2011,"Shallow sandy land","keep1","SND"
"GRR.GJS.2011.75","Sand Dunes","General",43.127018,-86.273811,2011,9,28,"Michigan","Muskegon County","Plainfield sand  dune phase","F2009MI121F229","Plainfield","mesic, typic udipsamments",817,2009,"Plainfield sand, dunes, 18 to 60 percent slopes","keep2","Plainfield"
"GRR.GJS.2011.76","Sandy Lake Plain","General",43.0341111111111,-86.1086388888889,2011,9,28,"Michigan","Ottawa County","Plainfield sand  high ecological site","2008MI139T02201","Plainfield - very gravelly substratum","mesic, spodic udipsamments",-195.8,2008,"Plainfield sand, lake plain, 0 to 6 percent slopes","keep1","Plainfield - very gravelly substratum"
"GRR.GJS.2011.78","Sandy Outwash Plain","General",43.2483127777778,-86.1209997222222,2011,9,28,"Michigan","Muskegon County","Plainfield","F2009MI121T013-03","Plainfield","mesic, spodic udipsamments",-37.6,2009,"Plainfield sand, 0 to 6 percent slopes","keep1","Plainfield"
"GRR.GJS.2012.1","MM01.02","Low Intensity Plot: Cover",42.9793833333333,-85.8306333333333,2012,4,16,"Michigan","Ottawa County","Tekenink -haplic taxajunct  clay substratum","","","",639.5,2012,"Mancelona loamy sand, 0 to 2 percent slopes","dump","Mancelona"
"GRR.GJS.2012.10","S12042504","Low Intensity Plot: Cover",42.9897,-86.06925,2012,4,25,"Michigan","Ottawa County","Covert Pipestone ","","","",523.6,2010,"Pipestone-Covert-Saugatuck sands, 0 to 3 percent slopes","dump","Pipestone-Covert-Saugatuck"
"GRR.GJS.2012.11","S12042505","Low Intensity Plot: Cover",42.9853333333333,-86.0795333333333,2012,4,25,"Michigan","Ottawa County","Covert","","","",274.7,2009,"Covert-Pipestone sands, 0 to 6 percent slopes","dump","Covert-Pipestone"
"GRR.GJS.2012.12","S12042601","Low Intensity Plot: Cover",42.59465,-85.9433333333333,2012,4,26,"Michigan","Allegan County","Algansee Mollic taxajunct","2012MI005003","Algansee","sandy, mesic, fluvaquentic humaquepts",-199.9,2012,"Oakville fine sand, 18 to 45 percent slopes","keep1","Algansee"
"GRR.GJS.2012.13","S12050801","Low Intensity Plot: Cover",42.8913333333333,-86.0514833333333,2012,5,8,"Michigan","Ottawa County","","","","",2992.9,2009,"Kawkawlin loam, 2 to 6 percent slopes","dump","Kawkawlin"
"GRR.GJS.2012.14","S12051101","Low Intensity Plot: Cover",42.9509666666667,-85.8828,2012,5,11,"Michigan","Ottawa County","","2012MI139004-1","SND","coarse-silty, typic udorthents",0.4,2012,"Nester loam, 25 to 45 percent slopes","keep1","SND"
"GRR.GJS.2012.15","S12051102","Low Intensity Plot: Cover",42.953,-85.8812333333333,2012,5,11,"Michigan","Ottawa County","","2012MI139015","Spinks","sandy, haplic glossudalfs",0,2012,"Perrinton loam, Lake Michigan Lobe, 2 to 6 percent slopes","keep1","Spinks"
"GRR.GJS.2012.16","S12051103","Low Intensity Plot: Cover",42.95238423,-85.8815,2012,5,11,"Michigan","Ottawa County","Onekema","2012MI139005","Onekama","fine, mesic, haplic glossudalfs",0.1,2012,"Nester loam, 25 to 45 percent slopes","keep1","Onekama"
"GRR.GJS.2012.17","S12051801","Low Intensity Plot: Cover",40.8472666666667,-87.0468666666667,2012,5,18,"Indiana","White County","","","","",6673.1,1979,"Gilford fine sandy loam","dump","Gilford"
"GRR.GJS.2012.18","S12052301","Low Intensity Plot: Cover",42.9720833333333,-86.13405,2012,5,23,"Michigan","Ottawa County","Granby","","","",566.5,2007,"Granby fine sandy loam","dump","Granby"
"GRR.GJS.2012.19","S12052302","Low Intensity Plot: Cover",42.9837666666667,-86.06975,2012,5,23,"Michigan","Ottawa County","Granby","","","",315.3,2010,"Granby loamy sand, lake plain, 0 to 2 percent slopes","dump","Granby"
"GRR.GJS.2012.2","MM01.A","Low Intensity Plot: Cover",42.97975,-85.8368,2012,4,16,"Michigan","Ottawa County","Abscota","2012MI139003","Abscota","mesic, oxyaquic udipsamments",-200,2012,"Algansee loamy sand","keep1","Abscota"
"GRR.GJS.2012.20","S12052401","Low Intensity Plot: Cover",43.29635,-85.357,2012,5,24,"Michigan","Montcalm County","Remus  sandy sub","","","",5011.5,2012,"Tekenink-Elmdale loamy sands, 0 to 2 percent slopes","dump","Tekenink-Elmdale"
"GRR.GJS.2012.21","S12052402","Low Intensity Plot: Cover",43.2991666666667,-85.3564666666667,2012,5,24,"Michigan","Montcalm County","Klacking Taxajunct","","","",4731.7,2012,"Tekenink-Spinks loamy sands, 18 to 35 percent slopes","dump","Tekenink-Spinks"
"GRR.GJS.2012.22","S12052403","Low Intensity Plot: Cover",43.1411944444444,-85.1938055555556,2012,5,24,"Michigan","Montcalm County","Remus","","","",835.7,2010,"Tekenink-Spinks loamy sands, 12 to 18 percent slopes","dump","Tekenink-Spinks"
"GRR.GJS.2012.23","S12053101","Low Intensity Plot: Cover",43.01815,-85.6268833333333,2012,5,31,"Michigan","Kent County","","","","",157.6,2015,"Houghton muck, 0 to 1 percent slopes","dump","Houghton"
"GRR.GJS.2012.24","S12060401","Low Intensity Plot: Cover",42.9868666666667,-85.3594,2012,6,4,"Michigan","Kent County","","","","",222.9,2015,"Adrian muck, 0 to 1 percent slopes","dump","Adrian"
"GRR.GJS.2012.25","S12060402","Low Intensity Plot: Cover",42.9281666666667,-85.28675,2012,6,4,"Michigan","Ionia County","","","","",3383.7,2012,"Mancelona-Chelsea loamy sands, 2 to 6 percent slopes","dump","Mancelona-Chelsea"
"GRR.GJS.2012.26","S12060501","Low Intensity Plot: Cover",42.8779166666667,-85.3238166666667,2012,6,5,"Michigan","Kent County","Nepoleon","","","",3931.8,2015,"Houghton muck, 0 to 1 percent slopes","dump","Napoleon"
"GRR.GJS.2012.27","S12060502","Low Intensity Plot: Cover",42.7710333333333,-85.6234166666667,2012,6,5,"Michigan","Kent County","Nepoleon","","","",1030.4,1981,"Kalamazoo loam, moraine, 6 to 12 percent slopes","dump","Napoleon"
"GRR.GJS.2012.28","S12060503","Low Intensity Plot: Cover",42.7708166666667,-85.6233666666667,2012,6,5,"Michigan","Kent County","Houghton","","","",1044.9,1981,"Kalamazoo loam, moraine, 6 to 12 percent slopes","dump","Napoleon"
"GRR.GJS.2012.29","S12061301","Low Intensity Plot: Cover",41.7079166666667,-86.6074666666667,2012,6,13,"Indiana","LaPorte County","","","","",6290.6,1977,"Tracy sandy loam, 12 to 18 percent slopes, eroded","dump","Tracy"
"GRR.GJS.2012.3","MM01.01","Low Intensity Plot: Cover",42.976745,-85.836789,2012,4,16,"Michigan","Ottawa County","Coloma  loamy substratum phase","1967MI139202","Coloma","mesic, lamellic udipsamments",-89.7,2015,"Coloma loamy sand, 0 to 6 percent slopes","keep1","Coloma"
"GRR.GJS.2012.30","S12061302","Low Intensity Plot: Cover",41.7514166666667,-86.4046,2012,6,13,"Indiana","Saint Joseph County","","","","",2693.7,1974,"Tracy sandy loam, 10 to 18 percent slopes","dump","Tracy"
"GRR.GJS.2012.31","S12060701","Low Intensity Plot: Cover",42.34765,-86.0047166666667,2012,6,7,"Michigan","Van Buren County","Edwards","","","",7312.1,1982,"Edwards muck, 0 to 1 percent slopes","dump","Edwards"
"GRR.GJS.2012.32","S12060702","Low Intensity Plot: Cover",42.3389166666667,-86.0200833333333,2012,6,7,"Michigan","Van Buren County","Kingsville","","","",7160.8,2012,"Kingsville loamy sand","dump","Kingsville"
"GRR.GJS.2012.33","S12060703","Low Intensity Plot: Cover",42.3392333333333,-86.0195166666667,2012,6,7,"Michigan","Van Buren County","Kingsville","","","",7210.9,2012,"Kingsville loamy sand","dump","Kingsville"
"GRR.GJS.2012.34","S12062501","Low Intensity Plot: Cover",42.7701166666667,-84.3851833333333,2012,6,25,"Michigan","Clinton County","","2012MI037001","Pinnebog","mesic, hemic haplosaprists",3.9,2012,"Houghton muck, 0 to 1 percent slopes","keep1","Pinnebog"
"GRR.GJS.2012.35","S12062502","Low Intensity Plot: Cover",42.7701,-84.3852166666667,2012,6,25,"Michigan","Clinton County","Pinnebog","2012MI037001","Pinnebog","mesic, hemic haplosaprists",-199.9,2012,"Houghton muck, 0 to 1 percent slopes","keep1","Pinnebog"
"GRR.GJS.2012.36","S12062503","Low Intensity Plot: Cover",42.7950666666667,-84.3826333333333,2012,6,25,"Michigan","Clinton County","Gilford taxajunct","2012MI037002","Gilford","coarse-loamy over sandy or sandy-skeletal, mesic, typic endoaquepts",-199.9,2012,"Gilford sandy loam, 0 to 2 percent slopes, gravelly subsoil","keep1","Gilford"
"GRR.GJS.2012.37","S12062504","Low Intensity Plot: Cover",42.7957,-84.3822,2012,6,25,"Michigan","Clinton County","Gilford","2012MI037002","Gilford","coarse-loamy over sandy or sandy-skeletal, mesic, typic endoaquepts",-116.5,2012,"Gilford sandy loam, 0 to 2 percent slopes, gravelly subsoil","keep1","Gilford"
"GRR.GJS.2012.38","S12062801","Low Intensity Plot: Cover",42.5074833333333,-85.7101166666667,2012,6,28,"Michigan","Allegan County","Pewamo ","","","",1195.3,1980,"Blount silt loam, 1 to 4 percent slopes","dump","Blount"
"GRR.GJS.2012.39","S12062802","Low Intensity Plot: Cover",42.5073666666667,-85.7103,2012,6,28,"Michigan","Allegan County","","","","",1176.8,1980,"Blount silt loam, 1 to 4 percent slopes","dump","Blount"
"GRR.GJS.2012.4","ML18.04","Low Intensity Plot: Cover",42.56515,-86.0208666666667,2012,4,19,"Michigan","Allegan County","Plainfield","2012MI005001","Plainfield","mesic, typic udipsamments",-199.6,2012,"Plainfield sand, lake plain, 0 to 6 percent slopes","keep1","Plainfield"
"GRR.GJS.2012.40","S12062901","Low Intensity Plot: Cover",42.49195,-85.8336333333333,2012,6,29,"Michigan","Allegan County","Adrian","","","",6663.5,1983,"Houghton muck, 0 to 1 percent slopes","dump","Houghton"
"GRR.GJS.2012.41","S12062902","Low Intensity Plot: Cover",42.4973166666667,-85.8233166666667,2012,6,29,"Michigan","Allegan County","","","","",6058.5,2012,"Cohoctah silt loam","dump","Cohoctah"
"GRR.GJS.2012.42","S12062903","Low Intensity Plot: Cover",42.4962166666667,-85.8257833333333,2012,6,29,"Michigan","Allegan County","","","","",6240.4,2012,"Oshtemo-Chelsea complex, 0 to 6 percent slopes","dump","Oshtemo-Chelsea"
"GRR.GJS.2012.43","S12070201","Low Intensity Plot: Cover",42.0082666666667,-85.9656833333333,2012,7,2,"Michigan","Cass County","","2012MI027201","SND","coarse-loamy, mesic, ultic hapludalfs",0,2012,"Spinks loamy sand, 0 to 6 percent slopes","keep1","SND"
"GRR.GJS.2012.44","S12070202","Low Intensity Plot: Cover",42.0078666666667,-85.9667666666667,2012,7,2,"Michigan","Cass County","Covert","","","",121,2012,"Spinks loamy sand, 0 to 6 percent slopes","dump","Covert"
"GRR.GJS.2012.45","S12070203","Low Intensity Plot: Cover",41.9983666666667,-85.95995,2012,7,2,"Michigan","Cass County","Tekenink  haplic tax.","","","",1251.8,2012,"Oshtemo sandy loam, 0 to 2 percent slopes","dump","Oshtemo"
"GRR.GJS.2012.46","S12071301","Low Intensity Plot: Cover",42.2731333333333,-86.0417666666667,2012,7,13,"Michigan","Van Buren County","Riddles","2012MI159001","Riddles","fine-loamy, mesic, typic hapludalfs",-199.9,2012,"Riddles sandy loam, 6 to 12 percent slopes","keep1","Riddles"
"GRR.GJS.2012.47","S12092504","Low Intensity Plot: Cover",42.7311666666667,-85.4295,2012,9,25,"Michigan","Barry County","Spinks","","","",3154,1984,"Marlette-Oshtemo complex, 18 to 40 percent slopes","dump","Marlette-Oshtemo"
"GRR.GJS.2012.48","S12092601","Low Intensity Plot: Cover",42.85515,-85.8504666666667,2012,9,26,"Michigan","Ottawa County","Dixboro outside range","2012MI139013","Elmdale","coarse-loamy, mesic, oxyaquic glossudalfs",81.4,2012,"Ceresco loam","keep3","Elmdale"
"GRR.GJS.2012.49","S12092602","Low Intensity Plot: Cover",42.85495,-85.8494833333333,2012,9,26,"Michigan","Ottawa County","Remus  outside range of series","2012MI139013","Elmdale","coarse-loamy, mesic, oxyaquic glossudalfs",32.9,2012,"Morley clay loam, 25 to 45 percent slopes, severely eroded","keep1","Elmdale"
"GRR.GJS.2012.5","ML18.09","Low Intensity Plot: Cover",42.5076166666667,-86.0071833333333,2012,4,19,"Michigan","Allegan County","Pipestone","2012MI005002","Pipestone","sandy, mesic, typic endoaquods",-199.6,2012,"Morocco-Newton complex, 0 to 3 percent slopes","keep1","Pipestone"
"GRR.GJS.2012.50","S12092501","Low Intensity Plot: Cover",42.72835,-85.4282333333333,2012,9,25,"Michigan","Barry County","Fern  outside range of series","","","",3263.2,1984,"Filer loam, 18 to 35 percent slopes","dump","Filer"
"GRR.GJS.2012.51","S12092502","Low Intensity Plot: Cover",42.7285833333333,-85.4286666666667,2012,9,25,"Michigan","Barry County","Klacking taxajunct  calcareous sub","","","",3241.9,1984,"Filer loam, 18 to 35 percent slopes","dump","Filer"
"GRR.GJS.2012.52","S12092503","Low Intensity Plot: Cover",42.7303166666667,-85.4284,2012,9,25,"Michigan","Barry County","Tekinink","","","",3381,1984,"Filer loam, 6 to 12 percent slopes","dump","Filer"
"GRR.GJS.2012.53","S12092603","Low Intensity Plot: Cover",42.8548166666667,-85.8497666666667,2012,9,26,"Michigan","Ottawa County","Fern  outside range of series","2012MI139013","Elmdale","coarse-loamy, mesic, oxyaquic glossudalfs",0.1,2012,"Morley clay loam, 25 to 45 percent slopes, severely eroded","keep1","Elmdale"
"GRR.GJS.2012.54","S12092604","Low Intensity Plot: Cover",42.8545666666667,-85.8498166666667,2012,9,26,"Michigan","Ottawa County","Marlette coarse-loamy","2012MI139014","Marlette","coarse-loamy, mesic, oxyaquic glossudalfs",-199.9,2012,"Morley loam, 2 to 6 percent slopes","keep1","Marlette"
"GRR.GJS.2012.55","S12090701","Low Intensity Plot: Cover",43.24295,-85.8292,2012,9,7,"Michigan","Muskegon County","","","","",166.3,2009,"Sims loam","dump","Sims"
"GRR.GJS.2012.56","S12090702","Low Intensity Plot: Cover",43.06405,-85.7878,2012,9,7,"Michigan","Kent County","similar to Pewamo","","","",5627.9,2016,"Pewamo loam","dump","Pewamo"
"GRR.GJS.2012.57","S12090703","Low Intensity Plot: Cover",43.0639,-85.7873166666667,2012,9,7,"Michigan","Ottawa County","","","","",5575.2,2016,"Pewamo loam","dump","Pewamo"
"GRR.GJS.2012.58","S12091904","Low Intensity Plot: Cover",43.0860333333333,-86.0713166666667,2012,9,19,"Michigan","Ottawa County","Morroco","","","",134,2012,"Granby loamy sand, lake plain, 0 to 2 percent slopes","dump","Granby"
"GRR.GJS.2012.59","S12092001","Low Intensity Plot: Cover",43.0532333333333,-86.0675333333333,2012,9,20,"Michigan","Ottawa County","Selfridge taxajunct","","","",1975.1,2010,"Iosco and Allendale loamy sands, 0 to 4 percent slopes","dump","Iosco"
"GRR.GJS.2012.6","S12042301","Low Intensity Plot: Cover",42.9071,-85.99055,2012,4,23,"Michigan","Ottawa County","Granby","","","",228.8,2008,"Granby loamy sand, lake plain, 0 to 2 percent slopes","dump","Granby"
"GRR.GJS.2012.60","S12092002","Low Intensity Plot: Cover",43.0500666666667,-86.0706666666667,2012,9,20,"Michigan","Ottawa County","Selfridge","","","",1958.7,2010,"Iosco and Allendale loamy sands, 0 to 4 percent slopes","dump","Iosco"
"GRR.GJS.2012.61","S12091901","Low Intensity Plot: Cover",43.08495,-86.0686,2012,9,20,"Michigan","Ottawa County","Adrian","2012MI139006","Adrian","sandy or sandy-skeletal, mesic, terric haplosaprists",-200,2012,"Granby loamy sand, lake plain, 0 to 2 percent slopes","keep1","Adrian"
"GRR.GJS.2012.62","S12091902","Low Intensity Plot: Cover",43.0850333333333,-86.0695333333333,2012,9,19,"Michigan","Ottawa County","Morocco","2010MI139F063","Morocco","mesic, typic psammaquents",-122.7,2010,"Granby loamy sand, lake plain, 0 to 2 percent slopes","keep1","Morocco"
"GRR.GJS.2012.63","S12091903","Low Intensity Plot: Cover",43.0856166666667,-86.07005,2012,9,19,"Michigan","Ottawa County","Brems taxajunct","2012MI139008","Brems","mesic, oxyaquic udipsamments",-194.8,2012,"Covert-Pipestone sands, 0 to 6 percent slopes","keep1","Brems"
"GRR.GJS.2012.65","S12071001","Low Intensity Plot: Cover",42.6296,-85.84355,2012,7,10,"Michigan","Allegan County","Tekenink  fine-loamy phase","2012MI005201","Tekenink","fine-loamy, mesic, typic glossudalfs",-190.9,2012,"Ockley loam, 12 to 18 percent slopes","keep1","Tekenink"
"GRR.GJS.2012.66","S12071002","Low Intensity Plot: Cover",42.4739166666667,-85.7706,2012,7,10,"Michigan","Allegan County","Tekenink  fine-loamy phase","2012MI005202","Tekenink","fine-loamy, mesic, typic glossudalfs",-190.5,2012,"Tekenink loamy fine sand, 18 to 35 percent slopes","keep1","Tekenink"
"GRR.GJS.2012.67","S12071302","Low Intensity Plot: Cover",42.2772666666667,-86.04225,2012,7,13,"Michigan","Van Buren County","","","","",338.5,2012,"Riddles sandy loam, 6 to 12 percent slopes","dump","Riddles"
"GRR.GJS.2012.68","S12071303","Low Intensity Plot: Cover",42.277,-86.039,2012,7,13,"Michigan","Van Buren County","Spinks","2012MI159002","Spinks","coarse-loamy, mesic, lamellic hapludalfs",-200,2012,"Riddles sandy loam, 6 to 12 percent slopes","keep1","Spinks"
"GRR.GJS.2012.69","S12071304","Low Intensity Plot: Cover",42.28095,-86.0365833333333,2012,7,13,"Michigan","Van Buren County","","","","",505.8,2012,"Napoleon mucky peat","dump","Napoleon"
"GRR.GJS.2012.7","S12042501","Low Intensity Plot: Cover",43.0051333333333,-86.0635666666667,2012,4,25,"Michigan","Ottawa County","Granby","","","",1905.3,2007,"Granby loamy sand, lake plain, 0 to 2 percent slopes","dump","Granby"
"GRR.GJS.2012.70","S12061201","Low Intensity Plot: Cover",42.9596333333333,-85.7913,2012,6,12,"Michigan","Ottawa County","Edwards","","","",459.6,2009,"Carlisle muck, 0 to 2 percent slopes","dump","Carlisle"
"GRR.GJS.2012.71","S12050802","Low Intensity Plot: Cover",42.89125,-86.0518333333333,2012,5,8,"Michigan","Ottawa County","Iosco","","","",3003.9,2009,"Kawkawlin loam, 2 to 6 percent slopes","dump","Kawkawlin"
"GRR.GJS.2012.72","S12050803","Low Intensity Plot: Cover",42.8911333333333,-86.0518333333333,2012,5,8,"Michigan","Ottawa County","","","","",2992.9,2009,"Kawkawlin loam, 2 to 6 percent slopes","dump","Kawkawlin"
"GRR.GJS.2012.73","MM11.02","Low Intensity Plot: Cover",41.878,-86.4592833333333,2012,5,3,"Michigan","Berrien County","Crosier taxajunct","2012MI021002","Crosier","fine-loamy, aquollic hapludalfs",-200,2012,"Crosier silt loam, 0 to 4 percent slopes","keep1","Crosier"
"GRR.GJS.2012.74","MM11.01","Low Intensity Plot: Cover",41.8776833333333,-86.4633333333333,2012,5,3,"Michigan","Berrien County","Crosier taxajunct","2012MI021001","Crosier","fine-loamy, aquollic hapludalfs",-200,2012,"Crosier silt loam, 0 to 4 percent slopes","keep1","Crosier"
"GRR.GJS.2012.8","S12042502","Low Intensity Plot: Cover",42.98805,-86.0698166666667,2012,4,25,"Michigan","Ottawa County","Plainfield","","","",537.2,2010,"Plainfield sand, lake plain, 6 to 18 percent slopes","dump","Plainfield"
"GRR.GJS.2012.9","S12042503","Low Intensity Plot: Cover",42.9888166666667,-86.06905,2012,4,25,"Michigan","Ottawa County","Crovert","","","",652.7,2010,"Covert-Pipestone sands, 0 to 6 percent slopes","dump","Covert-Pipestone"
"GRR.GJS.2013.1","Blandford Ravine","Floristic",42.99501208,-85.74268598,2013,5,31,"Michigan","Kent County","","","","",6221.2,2016,"Sloan loam","dump","Sloan"
"GRR.GJS.2013.10","S13070909","Low Intensity Plot: Cover",42.5294333333333,-86.0482666666667,2013,7,9,"Michigan","Allegan County","Aquents","","","",195.5,2013,"Morocco-Newton complex, 0 to 3 percent slopes","dump","Morocco-Newton"
"GRR.GJS.2013.11","S13070910","Low Intensity Plot: Cover",42.5285166666667,-86.0490166666667,2013,7,9,"Michigan","Allegan County","Morocco","","","",268.3,2013,"Morocco-Newton complex, 0 to 3 percent slopes","dump","Morocco-Newton"
"GRR.GJS.2013.12","S13070911","Low Intensity Plot: Cover",42.5276333333333,-86.0503166666667,2013,7,9,"Michigan","Allegan County","Morocco","","","",380.7,2013,"Morocco-Newton complex, 0 to 3 percent slopes","dump","Morocco-Newton"
"GRR.GJS.2013.13","S13070912","Low Intensity Plot: Cover",42.5272,-86.0507666666667,2013,7,9,"Michigan","Allegan County","Newton","","","",441.3,2013,"Morocco-Newton complex, 0 to 3 percent slopes","dump","Morocco-Newton"
"GRR.GJS.2013.14","S13071001","Low Intensity Plot: Cover",42.6562833333333,-85.9046,2013,7,10,"Michigan","Allegan County","Newton","","","",298.1,1978,"Morocco-Newton complex, 0 to 3 percent slopes","dump","Morocco-Newton"
"GRR.GJS.2013.15","S13071101","Low Intensity Plot: Cover",43.3055333333333,-85.9272333333333,2013,7,11,"Michigan","Newaygo County","Morocco","","","",170.6,2013,"Pipestone-Kingsville complex, 0 to 3 percent slopes","dump","Pipestone-Kingsville"
"GRR.GJS.2013.16","S13071102","Low Intensity Plot: Cover",43.30285,-85.931,2013,7,11,"Michigan","Newaygo County","Newton","","","",282.8,2013,"Jebavy sand","dump","Jebavy"
"GRR.GJS.2013.17","S13071103","Low Intensity Plot: Cover",43.2968,-85.9668166666667,2013,7,11,"Michigan","Newaygo County","Morocco","","","",145.8,2008,"Pipestone-Covert-Saugatuck sands, 0 to 3 percent slopes","dump","Pipestone-Covert-Saugatuck"
"GRR.GJS.2013.18","S13071104","Low Intensity Plot: Cover",43.28915,-85.9672833333333,2013,7,11,"Michigan","Muskegon County","Morocco","","","",323,2008,"Pipestone-Covert-Saugatuck sands, 0 to 3 percent slopes","dump","Pipestone-Covert-Saugatuck"
"GRR.GJS.2013.19","S13071201","Low Intensity Plot: Cover",42.6267833333333,-85.9488,2013,7,12,"Michigan","Allegan County","Newton","","","",3618.7,2012,"Morocco-Newton complex, 0 to 3 percent slopes","dump","Morocco-Newton"
"GRR.GJS.2013.2","S13070901","Low Intensity Plot: Cover",42.5353166666667,-86.0469333333333,2013,7,9,"Michigan","Allegan County","Brems","","","",546.4,2013,"Plainfield sand, lake plain, 0 to 6 percent slopes","dump","Plainfield"
"GRR.GJS.2013.20","S13071202","Low Intensity Plot: Cover",42.6261333333333,-85.9528166666667,2013,7,12,"Michigan","Allegan County","Morocco","","","",3637,2012,"Pipestone sand, 0 to 4 percent slopes","dump","Pipestone"
"GRR.GJS.2013.21","S13071203","Low Intensity Plot: Cover",42.6261333333333,-85.9511833333333,2013,7,12,"Michigan","Allegan County","Morocco","","","",3595,2012,"Pipestone sand, 0 to 4 percent slopes","dump","Pipestone"
"GRR.GJS.2013.22","S13071204","Low Intensity Plot: Cover",42.6253,-85.95085,2013,7,12,"Michigan","Allegan County","Morocco","","","",3496.9,2012,"Pipestone sand, 0 to 4 percent slopes","dump","Pipestone"
"GRR.GJS.2013.23","S13071205","Low Intensity Plot: Cover",42.62695473,-85.96046238,2013,7,12,"Michigan","Allegan County","Newton","","","",4007.6,2012,"Morocco-Newton complex, 0 to 3 percent slopes","dump","Morocco-Newton"
"GRR.GJS.2013.24","S13071601","Low Intensity Plot: Cover",42.527,-86.0480666666667,2013,7,16,"Michigan","Allegan County","Newton","","","",453.4,2013,"Morocco-Newton complex, 0 to 3 percent slopes","dump","Morocco-Newton"
"GRR.GJS.2013.25","S13071602","Low Intensity Plot: Cover",42.52499205,-86.04905282,2013,7,16,"Michigan","Allegan County","Newton","","","",659.4,2013,"Morocco-Newton complex, 0 to 3 percent slopes","dump","Morocco-Newton"
"GRR.GJS.2013.26","S13071701","Hybrid Line-Point-Intercept Plot",42.5290166666667,-86.04985,2013,7,17,"Michigan","Allegan County","Dair","","","",219.5,2013,"Morocco-Newton complex, 0 to 3 percent slopes","dump","Morocco-Newton"
"GRR.GJS.2013.27","S13071801","Line-Point-Intercept Plot",42.5309166666667,-86.0492833333333,2013,7,18,"Michigan","Allegan County","Saugatauk","2013MI005400","Saugatuck","sandy, mesic, typic duraquods",0.6,2013,"Morocco-Newton complex, 0 to 3 percent slopes","keep1","Saugatuck"
"GRR.GJS.2013.28","S13072301","Line-Point-Intercept Plot",43.3045333333333,-85.92895,2013,7,23,"Michigan","Newaygo County","Dair","2013MI123401","Dair","mesic, typic psammaquents",-200,2013,"Pipestone-Kingsville complex, 0 to 3 percent slopes","keep1","Dair"
"GRR.GJS.2013.29","S13072302","Line-Point-Intercept Plot",43.3048,-85.9286833333333,2013,7,23,"Michigan","Newaygo County","Saugatuck","2013MI123400","Saugatuck","sandy, mesic, typic duraquods",-200,2013,"Pipestone-Kingsville complex, 0 to 3 percent slopes","keep1","Saugatuck"
"GRR.GJS.2013.3","S13070902","Low Intensity Plot: Cover",42.5347333333333,-86.0466333333333,2013,7,9,"Michigan","Allegan County","Plainfield","","","",505.3,2013,"Plainfield sand, lake plain, 0 to 6 percent slopes","dump","Plainfield"
"GRR.GJS.2013.30","s13072901","Low Intensity Plot: Cover",41.7263333333333,-86.8124,2013,7,29,"Indiana","LaPorte County","Newton","2013IN091200","Newton","sandy, mesic, typic humaquepts",30.6,2013,"Newton loamy fine sand","keep1","Newton"
"GRR.GJS.2013.31","s13072902","Low Intensity Plot: Cover",41.72675,-86.8123666666667,2013,7,29,"Indiana","LaPorte County","Newton","2013IN091200","Newton","sandy, mesic, typic humaquepts",-2.7,2013,"Newton loamy fine sand","keep1","Newton"
"GRR.GJS.2013.32","s13072903","Low Intensity Plot: Cover",41.7266833333333,-86.8118166666667,2013,7,29,"Indiana","LaPorte County","Newton","2013IN091200","Newton","sandy, mesic, typic humaquepts",-38.8,2013,"Newton loamy fine sand","keep1","Newton"
"GRR.GJS.2013.33","s13072904","Low Intensity Plot: Cover",41.7271666666667,-86.8118333333333,2013,7,29,"Indiana","LaPorte County","Newton","2013IN091200","Newton","sandy, mesic, typic humaquepts",-74.8,2013,"Newton loamy fine sand","keep1","Newton"
"GRR.GJS.2013.34","s13072905","Low Intensity Plot: Cover",41.7276166666667,-86.8112666666667,2013,7,29,"Indiana","LaPorte County","Newton","2013IN091200","Newton","sandy, mesic, typic humaquepts",-151.3,2013,"Brems fine sand, 0 to 3 percent slopes","keep1","Newton"
"GRR.GJS.2013.35","s13072906","Low Intensity Plot: Cover",41.7316666666667,-86.8051333333333,2013,7,29,"Indiana","LaPorte County","Morocco","2013IN091400","Morocco","mesic, aquic udipsamments",471.8,2013,"Morocco loamy sand, lake plain, 0 to 2 percent slopes","keep2","Morocco"
"GRR.GJS.2013.36","s13072907","Low Intensity Plot: Cover",41.7307333333333,-86.8051333333333,2013,7,29,"Indiana","LaPorte County","Morocco","2013IN091400","Morocco","mesic, aquic udipsamments",409.1,2013,"Morocco loamy sand, lake plain, 0 to 2 percent slopes","keep2","Morocco"
"GRR.GJS.2013.37","s13072908","Low Intensity Plot: Cover",41.7298166666667,-86.8052166666667,2013,7,29,"Indiana","LaPorte County","Morocco","2013IN091400","Morocco","mesic, aquic udipsamments",351.7,2013,"Morocco loamy sand, lake plain, 0 to 2 percent slopes","keep2","Morocco"
"GRR.GJS.2013.38","s13072909","Low Intensity Plot: Cover",41.72805,-86.8075166666667,2013,7,29,"Indiana","LaPorte County","Morocco","2013IN091400","Morocco","mesic, aquic udipsamments",63.5,2013,"Morocco loamy sand, lake plain, 0 to 2 percent slopes","keep2","Morocco"
"GRR.GJS.2013.39","S13080701","Line-Point-Intercept Plot",41.7278166666667,-86.81085,2013,8,7,"Indiana","LaPorte County","Newton","2013IN091200","Newton","sandy, mesic, typic humaquepts",-200,2013,"Brems fine sand, 0 to 3 percent slopes","keep1","Newton"
"GRR.GJS.2013.4","S13070903","Low Intensity Plot: Cover",42.5339,-86.0465333333333,2013,7,9,"Michigan","Allegan County","Newton","","","",437.1,2013,"Morocco-Newton complex, 0 to 3 percent slopes","dump","Morocco-Newton"
"GRR.GJS.2013.40","S13081201","Line-Point-Intercept Plot",41.7277333333333,-86.8100166666667,2013,8,12,"Indiana","LaPorte County","Morocco","2013IN091400","Morocco","mesic, aquic udipsamments",-198.3,2013,"Morocco loamy sand, lake plain, 0 to 2 percent slopes","keep1","Morocco"
"GRR.GJS.2013.5","S13070904","Low Intensity Plot: Cover",42.5330166666667,-86.0463,2013,7,9,"Michigan","Allegan County","Brems","","","",387.1,2013,"Morocco-Newton complex, 0 to 3 percent slopes","dump","Morocco-Newton"
"GRR.GJS.2013.6","S13070905","Low Intensity Plot: Cover",42.5321,-86.0465166666667,2013,7,9,"Michigan","Allegan County","Morocco","","","",315,2013,"Morocco-Newton complex, 0 to 3 percent slopes","dump","Morocco-Newton"
"GRR.GJS.2013.7","S13070906","Low Intensity Plot: Cover",42.5312166666667,-86.0466,2013,7,9,"Michigan","Allegan County","Brems","","","",279.6,2013,"Morocco-Newton complex, 0 to 3 percent slopes","dump","Morocco-Newton"
"GRR.GJS.2013.8","S13070907","Low Intensity Plot: Cover",42.5302166666667,-86.0467833333333,2013,7,9,"Michigan","Allegan County","Morocco","","","",270,2013,"Morocco-Newton complex, 0 to 3 percent slopes","dump","Morocco-Newton"
"GRR.GJS.2013.9","S13070908","Low Intensity Plot: Cover",42.5303166666667,-86.04785,2013,7,9,"Michigan","Allegan County","Brems","","","",162.3,2013,"Morocco-Newton complex, 0 to 3 percent slopes","dump","Morocco-Newton"
"GRR.GJS.2014.10","S14060201","Medium Intensity Plot: Strata",42.392,-86.1362166666667,2014,6,2,"Michigan","Van Buren County","Coloma - FS Surface","","","",6770,1983,"Plainfield sand, lake plain, 0 to 6 percent slopes","dump","Plainfield"
"GRR.GJS.2014.11","S14060202","Medium Intensity Plot: Strata",42.12805,-86.3517,2014,6,2,"Michigan","Berrien County","Plainfield","","","",4773.8,1974,"Plainfield sand, lake plain, 0 to 6 percent slopes","dump","Plainfield"
"GRR.GJS.2014.12","S14061002","Medium Intensity Plot: Strata",43.2998611111111,-85.9828888888889,2014,6,10,"Michigan","Newaygo County","Morocco","","","",843.8,2008,"Brems sand, 0 to 4 percent slopes","dump","Brems"
"GRR.GJS.2014.13","S14061001","Medium Intensity Plot: Strata",43.3012222222222,-85.9816388888889,2014,6,10,"Michigan","Muskegon County","Brems tax","","","",939.1,2008,"Brems sand, 0 to 4 percent slopes","dump","Brems"
"GRR.GJS.2014.14","S14060601","Medium Intensity Plot: Strata",43.3021111111111,-86.155,2014,6,6,"Michigan","Muskegon County","Brems tax","F2007MI121T077-04","Plainfield","mesic, typic udipsamments",134.3,2007,"Plainfield sand, 0 to 6 percent slopes","keep2","Plainfield"
"GRR.GJS.2014.15","S14060602","Medium Intensity Plot: Strata",43.3045277777778,-86.1487222222222,2014,6,6,"Michigan","Muskegon County","Plainfield","F2007MI121T077-10","Plainfield","mesic, spodic udipsamments",-32.6,2007,"Plainfield sand, 0 to 6 percent slopes","keep1","Plainfield"
"GRR.GJS.2014.16","S14061901","High Intensity Plot: Nested",42.6068833333333,-86.0380166666667,2014,6,19,"Michigan","Allegan County","Plainfield","","","",4770.1,2012,"Plainfield sand, lake plain, 0 to 6 percent slopes","dump","Plainfield"
"GRR.GJS.2014.17","S14061902","High Intensity Plot: Nested",42.6076666666667,-86.0370166666667,2014,6,19,"Michigan","Allegan County","Plainfield","","","",4761.9,2014,"Plainfield sand, lake plain, 0 to 6 percent slopes","dump","Plainfield"
"GRR.GJS.2014.18","S14062401","High Intensity Plot: Nested",42.59705,-85.9978666666667,2014,6,24,"Michigan","Allegan County","Plainfield","2014MI005001","Plainfield","mesic, typic udipsamments",742.6,2014,"Plainfield sand, lake plain, 0 to 6 percent slopes","keep2","Plainfield"
"GRR.GJS.2014.19","S14062501","Medium Intensity Plot: Strata",42.60065,-85.9898666666667,2014,6,25,"Michigan","Allegan County","Plainfield","2014MI005001","Plainfield","mesic, typic udipsamments",-177,2014,"Plainfield sand, lake plain, 0 to 6 percent slopes","keep1","Plainfield"
"GRR.GJS.2014.2","Kalamazoo1","Low Intensity Plot: Cover",42.1752833333333,-85.4866333333333,2014,4,22,"Michigan","Kalamazoo County","","S2014MI077002","Kalamazoo","fine-loamy, mesic, typic hapludalfs",455.2,2014,"Kalamazoo loam, 0 to 2 percent slopes","keep2","Kalamazoo"
"GRR.GJS.2014.20","S14062601","High Intensity Plot: Nested",42.6079666666667,-86.0228333333333,2014,6,26,"Michigan","Allegan County","Plainfield","","","",3324.4,2014,"Plainfield sand, lake plain, 0 to 6 percent slopes","dump","Plainfield"
"GRR.GJS.2014.21","S14070202","High Intensity Plot: Nested",42.5859833333333,-85.9515,2014,7,2,"Michigan","Allegan County","Plainfield","","","",1282.8,2012,"Plainfield sand, lake plain, 0 to 6 percent slopes","dump","Plainfield"
"GRR.GJS.2014.22","S14070203","Medium Intensity Plot: Strata",42.5860833333333,-85.9676833333333,2014,7,2,"Michigan","Allegan County","Plainfield","","","",2027.6,1979,"Plainfield sand, lake plain, 0 to 6 percent slopes","dump","Plainfield"
"GRR.GJS.2014.23","S14070201","Medium Intensity Plot: Strata",42.5833833333333,-85.9515666666667,2014,7,2,"Michigan","Allegan County","Plainfield","","","",1516.1,2012,"Plainfield sand, lake plain, 0 to 6 percent slopes","dump","Plainfield"
"GRR.GJS.2014.24","S14071501","High Intensity Plot: Nested",43.2983333333333,-86.0118333333333,2014,7,15,"Michigan","Muskegon County","Plainfield","S2009MI123001","Plainfield","mesic, typic udipsamments",167,2009,"Plainfield sand, lake plain, 0 to 6 percent slopes","keep2","Plainfield"
"GRR.GJS.2014.25","S14071502","High Intensity Plot: Nested",43.2992666666667,-86.0077833333333,2014,7,15,"Michigan","Muskegon County","Plainfield","S2009MI123001","Plainfield","mesic, typic udipsamments",-18.7,2009,"Plainfield sand, lake plain, 0 to 6 percent slopes","keep1","Plainfield"
"GRR.GJS.2014.26","S14071701","High Intensity Plot: Nested",43.0362,-86.1207666666667,2014,7,17,"Michigan","Ottawa County","Plainfield taxadunct","2014MI139001","Plainfield","mesic, spodic udipsamments",-194.2,2014,"Plainfield sand, lake plain, 0 to 6 percent slopes","keep1","Plainfield"
"GRR.GJS.2014.27","S14080601","High Intensity Plot: Nested",42.9881166666667,-86.0699833333333,2014,8,6,"Michigan","Ottawa County","Plainfield","","","",533.8,2010,"Plainfield sand, lake plain, 6 to 18 percent slopes","dump","Plainfield"
"GRR.GJS.2014.28","W14081201","Wetland Determination",43.18787,-85.839401,2014,8,12,"Michigan","Ottawa County","","","","",4415.1,2017,"Tonkey sandy loam","dump","Tonkey"
"GRR.GJS.2014.29","S14081301","Low Intensity Plot: Cover",42.9991333333333,-86.1036166666667,2014,8,13,"Michigan","Ottawa County","Plainfield  deep water table","2007MI139T05610","Plainfield","mesic, spodic udipsamments",-36.3,2007,"Plainfield sand, lake plain, 0 to 6 percent slopes","keep1","Plainfield"
"GRR.GJS.2014.3","Kalamazoo2","Low Intensity Plot: Cover",42.1754166666667,-85.4869833333333,2014,4,22,"Michigan","Kalamazoo County","","S2014MI077002","Kalamazoo","fine-loamy, mesic, typic hapludalfs",426.5,2014,"Kalamazoo loam, 0 to 2 percent slopes","keep2","Kalamazoo"
"GRR.GJS.2014.30","S14081302","Low Intensity Plot: Cover",42.99875,-86.1031666666667,2014,8,13,"Michigan","Ottawa County","Plainfield  deep water table","2007MI139T05610","Plainfield","mesic, spodic udipsamments",-56.7,2007,"Plainfield sand, lake plain, 0 to 6 percent slopes","keep1","Plainfield"
"GRR.GJS.2014.31","S14081303","Low Intensity Plot: Cover",43.0018666666667,-86.1663,2014,8,13,"Michigan","Ottawa County","Plainfield taxajunct","2009MI139F029","Plainfield","sandy, mesic, entic haplorthods",-8.3,2009,"Plainfield sand, lake plain, 0 to 6 percent slopes","keep1","Plainfield"
"GRR.GJS.2014.32","S14081304","Low Intensity Plot: Cover",43.1478,-86.0837166666667,2014,8,13,"Michigan","Muskegon County","Plainfield  deep water table","","","",472.4,2008,"Plainfield sand, lake plain, 0 to 6 percent slopes","dump","Plainfield"
"GRR.GJS.2014.33","S14081305","Low Intensity Plot: Cover",43.1786666666667,-86.06325,2014,8,13,"Michigan","Muskegon County","Plainfield","F2009MI121T001-10","Plainfield","mesic, typic udipsamments",405.1,2009,"Plainfield sand, lake plain, 0 to 6 percent slopes","keep2","Plainfield"
"GRR.GJS.2014.34","S14081306","Low Intensity Plot: Cover",43.1797666666667,-86.0637833333333,2014,8,13,"Michigan","Muskegon County","Plainfield","F2009MI121T001-10","Plainfield","mesic, typic udipsamments",502.8,2009,"Plainfield sand, lake plain, 0 to 6 percent slopes","keep2","Plainfield"
"GRR.GJS.2014.35","W14081401","Wetland Determination",43.1796333333333,-85.4613666666667,2014,8,14,"Michigan","Kent County","","","","",3598.5,1980,"Teasdale fine sandy loam, 0 to 4 percent slopes","dump","Teasdale"
"GRR.GJS.2014.36","W14081402","Wetland Determination",43.1880333333333,-85.84195,2014,8,14,"Michigan","Ottawa County","","","","",4473.5,2017,"Breckenridge sandy loam","dump","Breckenridge"
"GRR.GJS.2014.37","W14081403","Wetland Determination",43.1872,-85.8439,2014,8,14,"Michigan","Ottawa County","","","","",4627.8,2017,"Breckenridge sandy loam","dump","Breckenridge"
"GRR.GJS.2014.38","W14081404","Wetland Determination",43.1875,-85.8438,2014,8,14,"Michigan","Ottawa County","","","","",4592.9,2017,"Breckenridge sandy loam","dump","Breckenridge"
"GRR.GJS.2014.39","W14090801","Wetland Determination",43.1283833333333,-85.9056833333333,2014,9,8,"Michigan","Ottawa County","","","","",4091.1,2009,"Carlisle muck, 0 to 2 percent slopes","dump","Carlisle"
"GRR.GJS.2014.4","Kalamazoo3","Low Intensity Plot: Cover",42.1754666666667,-85.4875,2014,4,22,"Michigan","Kalamazoo County","","S2014MI077002","Kalamazoo","fine-loamy, mesic, typic hapludalfs",380,2014,"Kalamazoo loam, 0 to 2 percent slopes","keep2","Kalamazoo"
"GRR.GJS.2014.40","W14090802","Wetland Determination",43.12815,-85.9044333333333,2014,9,8,"Michigan","Ontonagon County","","","","",4220.4,2009,"Carlisle muck, 0 to 2 percent slopes","dump","Carlisle"
"GRR.GJS.2014.41","W14090803","Wetland Determination",43.1264,-85.9004,2014,9,8,"Michigan","Ottawa County","","","","",4680.4,2009,"Belding sandy loam, 2 to 6 percent slopes","dump","Belding"
"GRR.GJS.2014.42","W14090804","Wetland Determination",43.12634823,-85.89839883,2014,9,8,"Michigan","Ottawa County","","","","",4874.3,2009,"Belding sandy loam, 2 to 6 percent slopes","dump","Belding"
"GRR.GJS.2014.43","W14090805","Wetland Determination",43.1270666666667,-85.8986,2014,9,8,"Michigan","Ottawa County","","","","",4825.8,2009,"Granby fine sandy loam","dump","Granby"
"GRR.GJS.2014.44","W14090806","Wetland Determination",43.12672801,-85.89851685,2014,9,8,"Michigan","Ottawa County","","","","",4847.4,2009,"Granby fine sandy loam","dump","Granby"
"GRR.GJS.2014.45","W14090807","Wetland Determination",43.1272166666667,-85.8954,2014,9,8,"Michigan","Ottawa County","","","","",5130.7,2009,"Perrinton loam, Lake Michigan Lobe, 2 to 6 percent slopes","dump","Perrinton"
"GRR.GJS.2014.46","W14090808","Wetland Determination",43.1271166666667,-85.8954,2014,9,8,"Michigan","Ottawa County","","","","",5134.4,2009,"Perrinton loam, Lake Michigan Lobe, 2 to 6 percent slopes","dump","Perrinton"
"GRR.GJS.2014.48","W14090809","Wetland Determination",43.1270166666667,-85.8946166666667,2014,9,8,"Michigan","Ottawa County","","","","",5214.5,2009,"Perrinton loam, Lake Michigan Lobe, 2 to 6 percent slopes","dump","Perrinton"
"GRR.GJS.2014.5","Kalamazoo4","Low Intensity Plot: Cover",42.1745833333333,-85.4874,2014,4,22,"Michigan","Kalamazoo County","","S2014MI077002","Kalamazoo","fine-loamy, mesic, typic hapludalfs",357.7,2014,"Kalamazoo loam, 0 to 2 percent slopes","keep2","Kalamazoo"
"GRR.GJS.2014.6","SI: red maple 01","Site Index",42.5285333333333,-86.0502166666667,2014,4,8,"Michigan","Allegan County","","","","",282.4,2013,"Morocco-Newton complex, 0 to 3 percent slopes","dump","Morocco-Newton"
"GRR.GJS.2014.7","SI: pin oak 01","Site Index",42.5292,-86.0505,2014,4,10,"Michigan","Allegan County","","","","",229.1,2013,"Morocco-Newton complex, 0 to 3 percent slopes","dump","Morocco-Newton"
"GRR.GJS.2014.8","SI: red oak & red maple 02","Site Index",42.5303666666667,-86.0509333333333,2014,4,11,"Michigan","Allegan County","","","","",182.2,2013,"Morocco-Newton complex, 0 to 3 percent slopes","dump","Morocco-Newton"
"GRR.GJS.2014.9","SI: pin oak2 01","Site Index",42.5303666666667,-86.0509333333333,2014,4,12,"Michigan","Allegan County","","","","",182.2,2013,"Morocco-Newton complex, 0 to 3 percent slopes","dump","Morocco-Newton"
"GRR.GJS.2015.1","W2015060903","Wetland Determination",43.0849333333333,-86.0172333333333,2015,6,9,"Michigan","Ottawa County","","","","",1728.5,2009,"Belding sandy loam, 2 to 6 percent slopes","dump","Belding"
"GRR.GJS.2015.10","W2015061704","Wetland Determination",42.73455,-84.9262833333333,2015,6,17,"Michigan","Eaton County","","","","",1331.5,1971,"Parkhill loam, non dense till subsoil, 0 to 2 percent slopes","dump","Parkhill"
"GRR.GJS.2015.11","S2015062501","Wetland Determination",43.1293,-85.4380166666667,2015,6,25,"Michigan","Kent County","","","","",336.7,2015,"Capac loam, Lake Michigan lobe, 0 to 4 percent slopes","dump","Capac"
"GRR.GJS.2015.12","W2015062501","Wetland Determination",43.1301666666667,-85.4374166666667,2015,6,25,"Michigan","Kent County","","","","",276.3,2015,"Capac loam, Lake Michigan lobe, 0 to 4 percent slopes","dump","Capac"
"GRR.GJS.2015.13","W2015062502","Wetland Determination",43.1287,-85.4333666666667,2015,6,25,"Michigan","Kent County","","","","",185.2,2015,"Palms muck, 0 to 1 percent slopes","dump","Palms"
"GRR.GJS.2015.14","W2015062503","Wetland Determination",43.1264666666667,-85.4314333333333,2015,6,25,"Michigan","Kent County","","","","",500.7,2015,"Cohoctah loam","dump","Cohoctah"
"GRR.GJS.2015.15","W2015062504","Wetland Determination",43.1297333333333,-85.43285,2015,6,25,"Michigan","Kent County","","","","",200.9,2015,"Palms muck, 0 to 1 percent slopes","dump","Palms"
"GRR.GJS.2015.16","W2015062505","Wetland Determination",43.1298,-85.4348166666667,2015,6,25,"Michigan","Kent County","","2015MI081001","Parkhill","fine-loamy, mesic, mollic epiaquepts",10.5,2015,"Capac loam, Lake Michigan lobe, 0 to 4 percent slopes","keep1","Parkhill"
"GRR.GJS.2015.17","W2015062506","Wetland Determination",43.1269166666667,-85.43535,2015,6,25,"Michigan","Kent County","","","","",315.8,2015,"Cohoctah loam","dump","Cohoctah"
"GRR.GJS.2015.18","W2015062507","Wetland Determination",43.1390555555556,-85.4355888888889,2015,6,25,"Michigan","Kent County","","","","",1042.9,2015,"Granby loamy fine sand, 0 to 2 percent slopes","dump","Granby"
"GRR.GJS.2015.19","W2015062508","Wetland Determination",43.13965,-85.4359,2015,6,25,"Michigan","Kent County","","","","",1111.7,2015,"Granby loamy fine sand, 0 to 2 percent slopes","dump","Granby"
"GRR.GJS.2015.2","S2015060901","Wetland Determination",43.0856333333333,-86.0179666666667,2015,6,9,"Michigan","Ottawa County","","","","",1645.7,2009,"Sims loam","dump","Sims"
"GRR.GJS.2015.20","DSP RF1","High Intensity Plot: Nested",42.6300833333333,-85.5067,2015,5,19,"Michigan","Barry County","","","","",936,2014,"Houghton muck, 0 to 1 percent slopes","dump","Houghton"
"GRR.GJS.2015.21","DSP RF3","High Intensity Plot: Nested",42.7937,-84.3838166666667,2015,5,27,"Michigan","Clinton County","","","","",195.3,2012,"Houghton muck, 0 to 1 percent slopes","dump","Houghton"
"GRR.GJS.2015.22","DSP RF2","High Intensity Plot: Nested",43.18406675,-85.34212492,2015,6,4,"Michigan","Kent County","","","","",5042.1,2010,"Houghton muck, 0 to 1 percent slopes","dump","Houghton"
"GRR.GJS.2015.23","Page Creek Fen","High Intensity Plot: Nested",42.9865666666667,-85.36145,2015,7,8,"Michigan","Kent County","Kerston","2015MI081002","Kerston","mesic, fluvaquentic haplosaprists",-191.8,2015,"Houghton muck, 0 to 1 percent slopes","keep1","Kerston"
"GRR.GJS.2015.24","Lamberton Lake Fen","High Intensity Plot: Nested",43.0192756652832,-85.6278076171875,2015,7,20,"Michigan","Kent County","ca. Martisco Auralius","2015MI081003","SND","fine-silty, mesic, typic endoaquents",0.3,2015,"Houghton muck, 0 to 1 percent slopes","keep1","Edwards"
"GRR.GJS.2015.25","DSP RR1","High Intensity Plot: Nested",43.2558833333333,-85.1605,2015,7,29,"Michigan","Montcalm County","","S2014MI117001A","Carlisle","mesic, typic haplosaprists",1.1,2014,"Rifle and Tawas peats, 0 to 2 percent slopes","keep1","Carlisle"
"GRR.GJS.2015.26","DSP ER2","High Intensity Plot: Nested",43.3039833333333,-85.7597166666667,2015,7,31,"Michigan","Newaygo County","","S2014MI123001A","Adrian","sandy or sandy-skeletal, mesic, typic sulfohemists",35.7,2014,"Adrian muck, 0 to 1 percent slopes","keep1","Adrian"
"GRR.GJS.2015.27","DSP ER1","High Intensity Plot: Nested",42.74583333,-85.17444444,2015,8,5,"Michigan","Barry County","","","","",850.3,1985,"Houghton muck, 0 to 1 percent slopes","dump","Houghton"
"GRR.GJS.2015.28","DSP ER3","High Intensity Plot: Nested",42.52472222,-84.88138889,2015,8,7,"Michigan","Eaton County","","","","",1549.6,1969,"Houghton muck, 0 to 1 percent slopes","dump","Houghton"
"GRR.GJS.2015.29","DSP RR2","High Intensity Plot: Nested",43.5443333333333,-85.1821833333333,2015,8,14,"Michigan","Mecosta County","","S2015MI107001A","Palms","loamy, mesic, terric haplosaprists",1.7,2015,"Houghton muck, 0 to 1 percent slopes","keep1","Palms"
"GRR.GJS.2015.3","W2015060904","Wetland Determination",43.0868833333333,-86.0183833333333,2015,6,9,"Michigan","Ottawa County","","","","",1598.5,2009,"Iosco loamy sand, 0 to 4 percent slopes","dump","Iosco"
"GRR.GJS.2015.30","DSP RR3","High Intensity Plot: Nested",42.6813666666667,-84.7211,2015,8,12,"Michigan","Eaton County","","1970MI045026","Houghton","mesic, typic haplosaprists",48.8,1970,"Houghton muck, 0 to 1 percent slopes","keep1","Houghton"
"GRR.GJS.2015.4","W2015060905","Wetland Determination",43.0874833333333,-86.0196833333333,2015,6,9,"Michigan","Ottawa County","","","","",1466.5,2009,"Sims loam","dump","Sims"
"GRR.GJS.2015.5","W2015060906","Wetland Determination",43.0861666666667,-86.0201,2015,6,9,"Michigan","Ottawa County","","","","",1422,2009,"Sims loam","dump","Sims"
"GRR.GJS.2015.6","S2015061701","Wetland Determination",42.7357333333333,-84.9282833333333,2015,6,17,"Michigan","Eaton County","","","","",1376,1971,"Conover loam, 0 to 4 percent slopes","dump","Conover"
"GRR.GJS.2015.7","W2015061701","Wetland Determination",42.7361333333333,-84.92825,2015,6,17,"Michigan","Eaton County","","","","",1419.6,1971,"Parkhill loam, non dense till subsoil, 0 to 2 percent slopes","dump","Parkhill"
"GRR.GJS.2015.8","W2015061702","Wetland Determination",42.73705,-84.9275166666667,2015,6,17,"Michigan","Eaton County","","","","",1539.6,1971,"Parkhill loam, non dense till subsoil, 0 to 2 percent slopes","dump","Parkhill"
"GRR.GJS.2015.9","W2015061703","Wetland Determination",42.7351666666667,-84.9265,2015,6,17,"Michigan","Eaton County","","","","",1383.2,1971,"Conover loam, 0 to 4 percent slopes","dump","Conover"
"GRR.GJS.2016.10","2016MI067001","Low Intensity Plot: Cover",42.7930166666667,-84.8636,2016,6,2,"Michigan","Ionia County","","2016MI067001","Remus","fine-loamy, mesic, alfic argiudolls",-1000,2016,"Wawasee loam, 6 to 12 percent slopes, moderately eroded","keep1","Remus"
"GRR.GJS.2016.11","2016MI067002","Low Intensity Plot: Cover",42.7937,-84.8628333333333,2016,6,2,"Michigan","Ionia County","","2016MI067002","Remus","fine-loamy, mesic, haplic glossudalfs",-1000,2016,"Miami loam, 25 to 40 percent slopes","keep1","Remus"
"GRR.GJS.2016.12","2016MI067003","Low Intensity Plot: Cover",42.7895166666667,-84.8631333333333,2016,6,2,"Michigan","Ionia County","","2016MI067003","Wawasee","fine-loamy, mesic, typic hapludalfs",-1000,2016,"Wawasee loam, 2 to 6 percent slopes, moderately eroded","keep1","Wawasee"
"GRR.GJS.2016.13","2016MI067004","Low Intensity Plot: Cover",42.8081166666667,-84.9405666666667,2016,6,8,"Michigan","Ionia County","","2016MI067004","Tekenink","fine-loamy, mesic, typic hapludalfs",-1000,2016,"Fox sandy clay loam, 6 to 12 percent slopes, severely eroded","keep1","Tekenink"
"GRR.GJS.2016.14","2016MI067005","Low Intensity Plot: Cover",42.8078166666667,-84.9449166666667,2016,6,8,"Michigan","Ionia County","","2016MI067005","Remus","fine-loamy, mesic, typic hapludalfs",-1000,2016,"Wawasee loam, 2 to 6 percent slopes","keep1","Remus"
"GRR.GJS.2016.15","2016MI067006","Low Intensity Plot: Cover",42.8079333333333,-84.9439166666667,2016,6,8,"Michigan","Ionia County","","2016MI067006","Remus","fine-loamy, mesic, typic hapludalfs",-1000,2016,"Wawasee loam, 6 to 12 percent slopes","keep1","Remus"
"GRR.GJS.2016.16","2016MI067007","Low Intensity Plot: Cover",42.8076666666667,-84.9437166666667,2016,6,8,"Michigan","Ionia County","","2016MI067007","Eel","fine-loamy, mesic, oxyaquic dystrudepts",-1000,2016,"Wawasee loam, 6 to 12 percent slopes","keep1","Eel"
"GRR.GJS.2016.17","2016MI081006","Low Intensity Plot: Cover",43.0241666666667,-85.4987,2016,6,10,"Michigan","Kent County","","2016MI081006","Coloma","sandy, mesic, lamellic udipsamments",-1000,2016,"Plainfield sand, 12 to 18 percent slopes","keep1","Coloma"
"GRR.GJS.2016.18","2016MI081007","Low Intensity Plot: Cover",43.0246166666667,-85.4988166666667,2016,6,10,"Michigan","Kent County","","2016MI081007","Ormas","loamy, mesic, arenic hapludalfs",-1000,2016,"Plainfield sand, 12 to 18 percent slopes","keep1","Ormas"
"GRR.GJS.2016.19","2016MI149001","Low Intensity Plot: Cover",41.902,-85.6577166666667,2016,6,14,"Michigan","Saint Joseph County","","2016MI149001","Oshtemo","coarse-loamy, mesic, typic hapludalfs",-1000,2016,"Spinks loamy sand, 12 to 18 percent slopes","keep1","Oshtemo"
"GRR.GJS.2016.2","farm field","Wetland Determination",43.2418,-85.63085,2016,8,24,"Michigan","Kent County","","","","",4313.5,2016,"Wasepi loamy sand, 0 to 4 percent slopes","dump","Wasepi"
"GRR.GJS.2016.20","S2016MI149002","EPA",41.7897,-85.6917666666667,2016,6,27,"Michigan","Saint Joseph County","","S2016MI149002","Waterford","coarse-loamy, mesic, fluvaquentic eutrudepts",-1000,2016,"Cohoctah loam","keep1","Waterford"
"GRR.GJS.2016.21","2016MI037001","Low Intensity Plot: Cover",43.0854333333333,-84.7653166666667,2016,7,6,"Michigan","Clinton County","","2016MI037001","Cohoctah","coarse-silty, mesic, fluvaquentic endoaquepts",-1000,2016,"Sloan loam","keep1","Cohoctah"
"GRR.GJS.2016.22","2016MI037002","Low Intensity Plot: Cover",43.0847833333333,-84.76545,2016,7,6,"Michigan","Clinton County","","2016MI037002","Houghton","mesic, typic sulfosaprists",-1000,2016,"Houghton muck, 0 to 1 percent slopes","keep1","Houghton"
"GRR.GJS.2016.23","2016MI065001","Low Intensity Plot: Cover",42.717777,-84.4735,2016,7,14,"Michigan","Ingham County","","2016MI065001","Owosso","fine-loamy, mesic, typic hapludalfs",-1000,2016,"Conover loam, 0 to 4 percent slopes","keep1","Owosso"
"GRR.GJS.2016.24","2016MI065002","Low Intensity Plot: Cover",42.7140833333333,-84.4735833333333,2016,7,14,"Michigan","Ingham County","","2016MI065002","Edmore","sandy, mesic, mollic endoaquents",-1000,2016,"Colwood-Brookston loams","keep1","Edmore"
"GRR.GJS.2016.25","2016MI023001","Low Intensity Plot: Cover",41.9751333333333,-85.0615333333333,2016,7,27,"Michigan","Branch County","","2016MI023001","Hatmaker","fine-loamy, mesic, oxyaquic glossudalfs",-1000,2016,"Fox sandy loam, 2 to 6 percent slopes","keep1","Hatmaker"
"GRR.GJS.2016.26","2016MI023002","Low Intensity Plot: Cover",41.8767666666667,-85.0609,2016,7,27,"Michigan","Branch County","","2016MI023002","Hatmaker","fine-loamy, mesic, aeric endoaqualfs",-1000,2016,"Barry loam, 0 to 2 percent slopes","keep1","Hatmaker"
"GRR.GJS.2016.27","2016MI059001","Low Intensity Plot: Cover",42.0079166666667,-84.6943,2016,8,3,"Michigan","Hillsdale County","","2016MI059001","Eleva","coarse-loamy, mesic, typic dystrudepts",-1000,2016,"Eleva channery fine sandy loam, 12 to 25 percent slopes","keep1","Eleva"
"GRR.GJS.2016.28","2016MI059002","Low Intensity Plot: Cover",42.0081333333333,-84.6940666666667,2016,8,3,"Michigan","Hillsdale County","","2016MI059002","Eleva","fine-loamy, mesic, typic hapludalfs",-1000,2016,"Eleva channery fine sandy loam, 6 to 12 percent slopes","keep1","Eleva"
"GRR.GJS.2016.29","2016MI059003","Low Intensity Plot: Cover",42.0074666666667,-84.6945833333333,2016,8,3,"Michigan","Hillsdale County","","2016MI059003","Eleva","coarse-loamy, mesic, lamellic udipsamments",-1000,2016,"Eleva channery fine sandy loam, 12 to 25 percent slopes","keep1","Eleva"
"GRR.GJS.2016.3","Woodland","Wetland Determination",43.2418,-85.63085,2016,8,24,"Michigan","Kent County","","","","",4313.5,2016,"Wasepi loamy sand, 0 to 4 percent slopes","dump","Wasepi"
"GRR.GJS.2016.30","2016MI067008","Low Intensity Plot: Cover",42.7926,-84.9945833333333,2016,8,8,"Michigan","Ionia County","","2016MI067008","Wallkill","loamy, mesic, terric haplosaprists",-1000,2016,"Parkhill loam, non dense till subsoil, 0 to 2 percent slopes","keep1","Wallkill"
"GRR.GJS.2016.31","2016MI067009","Low Intensity Plot: Cover",42.7932333333333,-84.99375,2016,8,8,"Michigan","Ionia County","","2016MI067009","Brookston","fine-loamy, mesic, typic argiaquolls",-1000,2016,"Parkhill loam, non dense till subsoil, 0 to 2 percent slopes","keep1","Brookston"
"GRR.GJS.2016.32","2016MI067010","Low Intensity Plot: Cover",43.0469833333333,-85.2171833333333,2016,8,8,"Michigan","Ionia County","","2016MI067010","Palms","loamy, mesic, terric haplosaprists",-1000,2016,"Parkhill loam, non dense till subsoil, 0 to 2 percent slopes","keep1","Palms"
"GRR.GJS.2016.33","2016MI067011","Low Intensity Plot: Cover",43.0460333333333,-85.2179833333333,2016,8,8,"Michigan","Ionia County","","2016MI067011","Conover","fine-loamy, mesic, mollic endoaqualfs",-1000,2016,"Parkhill loam, non dense till subsoil, 0 to 2 percent slopes","keep1","Conover"
"GRR.GJS.2016.34","2016MI045001","Low Intensity Plot: Cover",42.4641666666667,-84.9981833333333,2016,8,10,"Michigan","Eaton County","","2016MI045001","Spinks","sandy, mesic, lamellic hapludalfs",-1000,2016,"Colwood loam","keep1","Spinks"
"GRR.GJS.2016.35","2016MI045002","Low Intensity Plot: Cover",42.4648833333333,-84.998,2016,8,10,"Michigan","Eaton County","","2016MI045002","Gilford","fine-loamy, mesic, typic endoaquolls",-1000,2016,"Colwood loam","keep1","Gilford"
"GRR.GJS.2016.36","2016MI005001","Low Intensity Plot: Cover",42.6263166666667,-85.7151166666667,2016,8,17,"Michigan","Allegan County","","2016MI005001","Tekenink","coarse-loamy, mesic, typic glossudalfs",-1000,2016,"Blount silt loam, 1 to 4 percent slopes","keep1","Tekenink"
"GRR.GJS.2016.37","2016MI005002","Low Intensity Plot: Cover",42.6272833333333,-85.7150833333333,2016,8,17,"Michigan","Allegan County","","2016MI005002","Sebewa","fine-loamy, mesic, typic endoaqualfs",-1000,2016,"Capac-Marlette loams, 1 to 6 percent slopes","keep1","Sebewa"
"GRR.GJS.2016.38","2016MI005003","Low Intensity Plot: Cover",42.62685,-85.7131666666667,2016,8,17,"Michigan","Allegan County","","2016MI005003","Giford","sandy, mesic, oxyaquic dystrudepts",-1000,2016,"Capac-Marlette loams, 1 to 6 percent slopes","keep1","Giford"
"GRR.GJS.2016.39","2016IN087001","Low Intensity Plot: Cover",41.7531666666667,-85.4128333333333,2016,8,18,"Indiana","LaGrange County","","2016IN087001","Shipshe","loamy-skeletal, mesic, typic argiudolls",-1000,2016,"Shipshe sandy loam, 0 to 2 percent slopes","keep1","Shipshe"
"GRR.GJS.2016.40","2016MI139001","Low Intensity Plot: Cover",42.9443833333333,-86.1179333333333,2016,8,23,"Michigan","Ottawa County","","2016MI139001","Granby","sandy, mesic, aquic hapludolls",-1000,2016,"Granby loamy sand, lake plain, 0 to 2 percent slopes","keep1","Granby"
"GRR.GJS.2016.41","2016MI139002","Low Intensity Plot: Cover",42.9436666666667,-86.1169833333333,2016,8,23,"Michigan","Ottawa County","","2016MI139002","Granby","sandy, mesic, typic endoaquolls",-1000,2016,"Granby loamy sand, lake plain, 0 to 2 percent slopes","keep1","Granby"
"GRR.GJS.2016.42","2016MI005004","Low Intensity Plot: Cover",42.6290833333333,-85.6827166666667,2016,8,25,"Michigan","Allegan County","","2016MI005004","Brookston","fine-loamy, mesic, typic argiaquolls",-1000,2016,"Blount silt loam, 1 to 4 percent slopes","keep1","Brookston"
"GRR.GJS.2016.43","2016MI005005","Low Intensity Plot: Cover",42.6278,-85.68375,2016,8,25,"Michigan","Allegan County","","2016MI005005","Pipestone","sandy, mesic, aquic haplorthods",-1000,2016,"Blount silt loam, 1 to 4 percent slopes","keep1","Pipestone"
"GRR.GJS.2016.44","2016MI005006","Low Intensity Plot: Cover",42.6284333333333,-85.6846,2016,8,25,"Michigan","Allegan County","","2016MI005006","Tuscola","fine-loamy, mesic, aquic hapludalfs",-1000,2016,"Blount silt loam, 1 to 4 percent slopes","keep1","Tuscola"
"GRR.GJS.2016.45","2016MI005007","Low Intensity Plot: Cover",42.6273666666667,-85.6870833333333,2016,8,25,"Michigan","Allegan County","","2016MI005007","Tuscola","fine-loamy, mesic, aquic hapludalfs",-1000,2016,"Colwood silt loam","keep1","Tuscola"
"GRR.GJS.2016.46","2016MI005008","Low Intensity Plot: Cover",42.6277666666667,-85.6855833333333,2016,8,25,"Michigan","Allegan County","","2016MI005008","Tuscola","fine-loamy, mesic, mollic oxyaquic hapludalfs",-1000,2016,"Capac loam, Lake Michigan lobe, 0 to 4 percent slopes","keep1","Tuscola"
"GRR.GJS.2016.47","2016MI075001","Low Intensity Plot: Cover",42.2613666666667,-84.5251166666667,2016,9,1,"Michigan","Jackson County","","2016MI075001","Eleva","coarse-loamy, mesic, typic hapludalfs",-1000,2016,"Eleva sandy loam, 1 to 6 percent slopes","keep1","Eleva"
"GRR.GJS.2016.48","2016MI075002","Low Intensity Plot: Cover",42.26,-84.5292666666667,2016,9,1,"Michigan","Jackson County","","2016MI075003","Abscota","mesic, oxyaquic udipsamments",32.4,2016,"Whalan loam, 1 to 6 percent slopes","keep1","Abscota"
"GRR.GJS.2016.49","2016MI075003","Low Intensity Plot: Cover",42.259724,-84.529167,2016,9,1,"Michigan","Jackson County","","2016MI075003","Abscota","mesic, oxyaquic udipsamments",-1000,2016,"Barry loam, 0 to 2 percent slopes","keep1","Abscota"
"GRR.GJS.2016.50","2016MI081008","Low Intensity Plot: Cover",43.2387,-85.5385166666667,2016,9,6,"Michigan","Kent County","","2016MI081008","Conover","fine-loamy, mesic, aquic argiudolls",-1000,2016,"Filer loam, 6 to 12 percent slopes","keep1","Conover"
"GRR.GJS.2016.51","2016MI081009","Low Intensity Plot: Cover",43.2402,-85.5400166666667,2016,9,6,"Michigan","Kent County","","2016MI081009","Pewamo","fine, mesic, typic argiaquolls",-1000,2016,"Filer loam, 6 to 12 percent slopes","keep1","Pewamo"
"GRR.GJS.2016.52","2016MI081010","Low Intensity Plot: Cover",43.2412833333333,-85.5407166666667,2016,9,6,"Michigan","Kent County","","2016MI081010","Parkhill","fine-loamy, mesic, mollic epiaquepts",-1000,2016,"Filer loam, 6 to 12 percent slopes","keep1","Parkhill"
"GRR.GJS.2016.53","2016MI081011","Low Intensity Plot: Cover",43.2411,-85.53925,2016,9,6,"Michigan","Kent County","","2016MI081011","Metea","loamy, mesic, arenic hapludalfs",-1000,2016,"Filer loam, 6 to 12 percent slopes","keep1","Metea"
"GRR.GJS.2016.54","2016MI081012","Low Intensity Plot: Cover",43.0506333333333,-85.7354,2016,9,6,"Michigan","Kent County","","2016MI081012","Filer","fine-loamy, mesic, haplic glossudalfs",-1000,2016,"Filer loam, 2 to 6 percent slopes","keep1","Filer"
"GRR.GJS.2016.55","S2016MI105001","EPA",44.1434333333333,-86.3174166666667,2016,9,14,"Michigan","Mason County","","S2016MI105001","Kinross","mesic, typic psammaquents",-1000,2016,"Saugatuck-Jebavy complex, 0 to 3 percent slopes","keep1","Kinross"
"GRR.GJS.2016.56","2016MI105002","EPA",44.1430833333333,-86.3177833333333,2016,9,14,"Michigan","Mason County","","S2016MI105001","Kinross","mesic, typic psammaquents",56.3,2016,"Kinross mucky fine sand","keep2","Kinross"
"GRR.GJS.2016.57","2016MI045003","Low Intensity Plot: Cover",42.6333166666667,-84.9428,2016,9,15,"Michigan","Eaton County","","2016MI045003","Filer","fine-loamy, mesic, haplic glossudalfs",-1000,2016,"Filer loam, 6 to 12 percent slopes","keep1","Filer"
"GRR.GJS.2016.58","2016MI045004","Low Intensity Plot: Cover",42.6312333333333,-84.9408333333333,2016,9,20,"Michigan","Eaton County","","2016MI045004","Colwood","fine-loamy, mesic, typic endoaquolls",-1000,2016,"Conover loam, 0 to 4 percent slopes","keep1","Colwood"
"GRR.GJS.2016.59","2016MI045005","Low Intensity Plot: Cover",42.6308833333333,-84.9429,2016,9,20,"Michigan","Eaton County","","2016MI045005","Palms","loamy, mesic, terric haplosaprists",-1000,2016,"Gilford sandy loam, 0 to 2 percent slopes, gravelly subsoil","keep1","Palms"
"GRR.GJS.2016.6","2016MI081002","Low Intensity Plot: Cover",43.2422333333333,-85.6686166666667,2016,5,24,"Michigan","Kent County","","2016MI081002","Brems","sandy, mesic, oxyaquic udipsamments",-1000,2016,"Oakville fine sand, moderately wet, 0 to 4 percent slopes","keep1","Brems"
"GRR.GJS.2016.60","2016MI045006","Low Intensity Plot: Cover",42.63355,-84.9455166666667,2016,9,20,"Michigan","Eaton County","","2016MI045006","Colwood","fine-loamy, mesic, typic endoaquolls",-1000,2016,"Parkhill loam, non dense till subsoil, 0 to 2 percent slopes","keep1","Colwood"
"GRR.GJS.2016.61","2016MI165001","ELTP",44.2202333333333,-85.7006833333333,2016,9,21,"Michigan","Wexford County","","","","",3820.3,1978,"Kalkaska sand, 0 to 6 percent slopes","dump","Kalkaska"
"GRR.GJS.2016.62","2016MI165002","ELTP",44.2201166666667,-85.70305,2016,9,21,"Michigan","Wexford County","","","","",3739.4,1978,"Kalkaska sand, 0 to 6 percent slopes","dump","Kalkaska"
"GRR.GJS.2016.63","2016MI165003","ELTP",44.2308833333333,-85.6857333333333,2016,9,21,"Michigan","Wexford County","","","","",3862.8,1978,"Kalkaska sand, banded substratum, 0 to 6 percent slopes","dump","Kalkaska"
"GRR.GJS.2016.64","2016MI139003","Low Intensity Plot: Cover",43.1710833333333,-85.7971,2016,9,25,"Michigan","Ottawa County","","2016MI139003","Isabella","fine-loamy, mesic, typic haplorthods",-1000,2016,"Kawkawlin loam, 2 to 6 percent slopes","keep1","Isabella"
"GRR.GJS.2016.65","2016MI107001","Low Intensity Plot: Cover",43.7071666666667,-85.28035,2016,10,5,"Michigan","Mecosta County","","2016MI107001","Fine, mixed, mesic Typic Endoaquepts","fine, mesic, typic endoaquepts",-1000,2016,"Locke sandy loam, 0 to 3 percent slopes","keep1","Fine, mixed, mesic Typic Endoaquepts"
"GRR.GJS.2016.66","2016MI107002","Low Intensity Plot: Cover",43.7062166666667,-85.2820166666667,2016,10,5,"Michigan","Mecosta County","","2016MI107002","Corunna","coarse-loamy, mesic, typic endoaquolls",-1000,2016,"Edmore sandy loam","keep1","Corunna"
"GRR.GJS.2016.7","2016MI081003","Low Intensity Plot: Cover",43.24215,-85.6777666666667,2016,5,24,"Michigan","Kent County","","2016MI081003","Newton","sandy, mesic, aquic humic dystrudepts",-1000,2016,"Granby loamy fine sand, 0 to 2 percent slopes","keep1","Newton"
"GRR.GJS.2016.8","2016MI081004","Low Intensity Plot: Cover",43.24805,-85.6720833333333,2016,5,26,"Michigan","Kent County","","2016MI081004","Thompsonville","sandy, mesic, aquic haplorthods",-1000,2016,"Pipestone sand, 0 to 4 percent slopes","keep1","Thompsonville"
"GRR.GJS.2016.9","2016MI081005","Low Intensity Plot: Cover",43.24815,-85.6902666666667,2016,5,26,"Michigan","Kent County","","2016MI081005","Pipestone","sandy, mesic, typic epiaquods",-1000,2016,"Granby loamy fine sand, 0 to 2 percent slopes","keep1","Pipestone"
"GRR.GJS.2017.10","es20170731.04","Wetland Determination",43.2267333333333,-85.8285333333333,2017,7,31,"Michigan","Muskegon County","","2017MI121004","Thompsonville","sandy, mesic, alfic oxyaquic haplorthods",13.1,2017,"Sims loam","keep1","Thompsonville"
"GRR.GJS.2017.11","es20170519.01","Medium Intensity Plot: Strata",42.72225,-85.18215,2017,5,19,"Michigan","Barry County","","2017MI015001","Capac","fine-loamy, mesic, aquic glossudalfs",7.5,2017,"Capac loam, 0 to 4 percent slopes","keep1","Capac"
"GRR.GJS.2017.12","es20170519.02","Medium Intensity Plot: Strata",42.7207166666667,-85.157,2017,5,19,"Michigan","Barry County","","2017MI015002","Capac","fine-loamy, mesic, aquic glossudalfs",9.1,2017,"Capac loam, 0 to 4 percent slopes","keep1","Capac"
"GRR.GJS.2017.13","es20170519.03","Medium Intensity Plot: Strata",42.7338333333333,-85.1653,2017,5,19,"Michigan","Barry County","","2017MI015003","Capac","fine-loamy, mesic, aquic glossudalfs",9.4,2017,"Capac loam, 0 to 4 percent slopes","keep1","Capac"
"GRR.GJS.2017.15","es20170615.01","Medium Intensity Plot: Strata",42.4737833333333,-84.8261833333333,2017,6,15,"Michigan","Eaton County","","2017MI045001","Capac","fine-loamy, mesic, aquic glossudalfs",15.8,2017,"Capac loam, 0 to 4 percent slopes","keep1","Capac"
"GRR.GJS.2017.16","es20170615.02","Medium Intensity Plot: Strata",42.4670833333333,-84.8609666666667,2017,6,15,"Michigan","Eaton County","","2017MI045002","Capac","fine-loamy, mesic, aquic glossudalfs",4.4,2017,"Capac loam, 0 to 4 percent slopes","keep1","Capac"
"GRR.GJS.2017.17","es20170623.01","General",42.3591333333333,-84.8361,2017,6,23,"Michigan","Calhoun County","","2017MI025001","Ithaca","fine, mesic, aquic glossudalfs",0.7,2017,"Blount loam, 1 to 4 percent slopes","keep1","Ithaca"
"GRR.GJS.2017.18","es20170623.02","General",42.3566,-84.8340666666667,2017,6,23,"Michigan","Calhoun County","","2017MI025002","Riddles","fine-loamy, mesic, oxyaquic glossudalfs",3.6,2017,"Blount loam, 1 to 4 percent slopes","keep1","Riddles"
"GRR.GJS.2017.19","es20170808.01","General",42.5958666666667,-85.8138,2017,8,8,"Michigan","Allegan County","","2017MI005001","Adrian","sandy, mesic, terric haplosaprists",12.8,2017,"Adrian muck, 0 to 1 percent slopes","keep1","Adrian"
"GRR.GJS.2017.2","es20170717.01","Wetland Determination",43.1009666666667,-84.4235666666667,2017,7,17,"Michigan","Clinton County","","2017MI037001","Ceresco","coarse-loamy, mesic, fluventic hapludolls",5.5,2017,"Ceresco fine sandy loam","keep1","Ceresco"
"GRR.GJS.2017.20","es20170808.02","General",42.5957,-85.8117833333333,2017,8,8,"Michigan","Allegan County","","2017MI005002","Thetford","coarse-loamy, mesic, typic glossaqualfs",2.3,2017,"Thetford loamy fine sand, 0 to 4 percent slopes","keep1","Thetford"
"GRR.GJS.2017.21","es20170823.01","Wetland Determination",42.47405,-85.0028833333333,2017,8,23,"Michigan","Eaton County","","2017MI045006","Parkhill","coarse-loamy, mesic, mollic epiaquepts",15.1,2017,"Capac-Marlette loams, 1 to 6 percent slopes","keep1","Parkhill"
"GRR.GJS.2017.22","es20170823.02","Wetland Determination",42.47485,-85.0017333333333,2017,8,23,"Michigan","Eaton County","","2017MI045007","Capac","fine-loamy, mesic, aquic glossudalfs",6,2017,"Capac-Marlette loams, 1 to 6 percent slopes","keep1","Capac"
"GRR.GJS.2017.23","es20170823.03","Wetland Determination",42.4800166666667,-84.9877833333333,2017,8,23,"Michigan","Eaton County","","2017MI045008","Palms","loamy, mesic, terric haplosaprists",4.5,2017,"Hillsdale sandy loam, 2 to 6 percent slopes","keep1","Palms"
"GRR.GJS.2017.24","es20170823.04","Wetland Determination",42.4803166666667,-84.9864333333333,2017,8,23,"Michigan","Eaton County","","2017MI045009","Conover","fine-loamy, mesic, aquic hapludalfs",13.7,2017,"Parkhill loam, non dense till subsoil, 0 to 2 percent slopes","keep1","Conover"
"GRR.GJS.2017.25","es20170915.01","General",43.01045,-84.80825,2017,9,15,"Michigan","Clinton County","","","","",902.2,2017,"Matherton loam, 0 to 3 percent slopes","dump","Matherton"
"GRR.GJS.2017.26","es20170525.01","Medium Intensity Plot: Strata",43.14305,-84.9056666666667,2017,5,25,"Michigan","Montcalm County","","2017MI117002","Capac","fine-loamy, mesic, aquic glossudalfs",11.5,2017,"Capac loam, 0 to 4 percent slopes","keep1","Capac"
"GRR.GJS.2017.3","es20170717.02","Wetland Determination",43.1012833333333,-84.4236333333333,2017,7,17,"Michigan","Clinton County","","2017MI037002","Sloan","fine-loamy, mesic, fluvaquentic hapludolls",9.9,2017,"Ceresco fine sandy loam","keep1","Sloan"
"GRR.GJS.2017.4","es20170727.01","Wetland Determination",42.5875166666667,-84.9826333333333,2017,7,27,"Michigan","Eaton County","","2017MI045003","Capac","fine-loamy, mesic, aquic argiudolls",17.8,2017,"Parkhill loam, non dense till subsoil, 0 to 2 percent slopes","keep1","Capac"
"GRR.GJS.2017.5","es20170727.02","Wetland Determination",42.5876166666667,-84.9847833333333,2017,7,27,"Michigan","Eaton County","","2017MI045004","Parkhill","fine-loamy, mesic, mollic epiaquepts",14.2,2017,"Parkhill loam, non dense till subsoil, 0 to 2 percent slopes","keep1","Parkhill"
"GRR.GJS.2017.6","es20170727.03","Wetland Determination",42.5891833333333,-84.9838666666667,2017,7,27,"Michigan","Eaton County","","2017MI045005","Capac","fine-loamy, mesic, aquic hapludalfs",42.9,2017,"Capac-Marlette loams, 1 to 6 percent slopes","keep1","Capac"
"GRR.GJS.2017.7","es20170731.01","Wetland Determination",43.2262833333333,-85.8284333333333,2017,7,31,"Michigan","Muskegon County","","2017MI121001","Sims","fine-loamy, mesic, mollic epiaquepts",14.2,2017,"Sims loam","keep1","Sims"
"GRR.GJS.2017.8","es20170731.02","Wetland Determination",43.22585,-85.8259,2017,7,31,"Michigan","Muskegon County","","2017MI121002","Aurelius","fine-loamy, mesic, histic humaquepts",1.7,2017,"Sims loam","keep1","Aurelius"
"GRR.GJS.2017.9","es20170731.03","Wetland Determination",43.2270333333333,-85.8249333333333,2017,7,31,"Michigan","Muskegon County","","2017MI121003","Palms","loamy, mesic, terric haplosaprists",6,2017,"Sims loam","keep1","Palms"
"GRR.GJS.2018.1","es20180601.01","General",42.6200833333333,-84.1051,2018,6,1,"Michigan","Livingston County","","","","",2607.9,2015,"Conover loam, 0 to 4 percent slopes","dump","Conover"
"GRR.GJS.2018.10","gs20180823.04","Wetland Determination",41.8636833333333,-86.6257,2018,8,23,"Michigan","Berrien County","","2018MI021001","Newton","sandy, mesic, typic humaquepts",9.3,2018,"Morocco loamy sand, lake plain, 0 to 2 percent slopes","keep1","Newton"
"GRR.GJS.2018.11","gs20180823.05","Wetland Determination",41.8621333333333,-86.6252,2018,8,23,"Michigan","Berrien County","","2018MI021002","Pipestone","sandy, mesic, typic endoaquods",7.2,2018,"Morocco loamy sand, lake plain, 0 to 2 percent slopes","keep1","Pipestone"
"GRR.GJS.2018.12","gs20180813.01","Wetland Determination",42.2255138888889,-85.4624027777778,2018,8,13,"Michigan","Kalamazoo County","","2018MI077001","Sleeth","fine-loamy, mesic, typic endoaqualfs",3.5,2018,"Sleeth loam, 0 to 3 percent slopes","keep1","Sleeth"
"GRR.GJS.2018.13","gs20180813.02","Wetland Determination",42.2255416666667,-85.4613638888889,2018,8,13,"Michigan","Kalamazoo County","","2018MI077002","Adrian","sandy or sandy-skeletal, mesic, terric haplohemists",4.8,2018,"Adrian muck, 0 to 1 percent slopes","keep1","Adrian"
"GRR.GJS.2018.14","gs20180813.03","Wetland Determination",42.2262111111111,-85.4595111111111,2018,8,13,"Michigan","Kalamazoo County","","2018MI077003","Edwards","mesic, limnic haplosaprists",5.1,2018,"Sebewa loam, 0 to 2 percent slopes","keep1","Edwards"
"GRR.GJS.2018.15","gs20180830.01","Wetland Determination",42.4287,-84.6268666666667,2018,8,30,"Michigan","Eaton County","","2018MI045003","Parkhill","fine-loamy, mesic, typic endoaquolls",4.9,2018,"Parkhill loam, non dense till subsoil, 0 to 2 percent slopes","keep1","Parkhill"
"GRR.GJS.2018.16","gs20180830.02","Wetland Determination",42.42865,-84.6285333333333,2018,8,30,"Michigan","Eaton County","","2018MI045004","Marlette","fine-loamy, mesic, oxyaquic glossudalfs",7.5,2018,"Marlette loam, 2 to 6 percent slopes","keep1","Marlette"
"GRR.GJS.2018.17","gs20180830.03","Wetland Determination",42.6770833333333,-85.0584333333333,2018,8,30,"Michigan","Eaton County","","2018MI045001","Boots","mesic, typic haplohemists",9,2018,"Houghton muck, 0 to 1 percent slopes","keep1","Boots"
"GRR.GJS.2018.18","gs20180830.04","Wetland Determination",42.67745,-85.0609666666667,2018,8,30,"Michigan","Eaton County","","2018MI045002","Parkhill","fine-loamy, mesic, typic endoaquolls",4.1,2016,"Parkhill loam, non dense till subsoil, 0 to 2 percent slopes","keep1","Parkhill"
"GRR.GJS.2018.19","gs20180912.02","Wetland Determination",41.8052333333333,-85.0235,2018,9,12,"Michigan","Branch County","","2018MI023001","Granby","sandy, mesic, typic endoaquolls",7,2018,"Matherton sandy loam, 0 to 3 percent slopes","keep1","Granby"
"GRR.GJS.2018.2","es20180608.01","General",42.7198166666667,-84.0846833333333,2018,6,8,"Michigan","Livingston County","","","","",2906.2,2014,"Conover loam, 0 to 4 percent slopes","dump","Conover"
"GRR.GJS.2018.20","gs20180912.01","Wetland Determination",41.80605,-85.0253166666667,2018,9,12,"Michigan","Branch County","","2018MI023002","Sebewa","fine-loamy over sandy or sandy-skeletal, mesic, typic argiaquolls",8.8,2018,"Sebewa loam, 0 to 2 percent slopes","keep1","Sebewa"
"GRR.GJS.2018.21","gs20180912.03","Wetland Determination",41.80735,-85.0284666666667,2018,9,12,"Michigan","Branch County","","2018MI023003","Henrietta","fine-loamy, mesic, histic humaquepts",6.8,2018,"Adrian muck, 0 to 1 percent slopes","keep1","Henrietta"
"GRR.GJS.2018.22","gs20180912.04","Wetland Determination",41.8068166666667,-85.0273166666667,2018,9,12,"Michigan","Branch County","","2018MI023004","Henrietta","fine-loamy, mesic, typic endoaquepts",8.9,2018,"Adrian muck, 0 to 1 percent slopes","keep1","Henrietta"
"GRR.GJS.2018.23","gs20180912.05","Wetland Determination",41.8071833333333,-85.0247833333333,2018,9,12,"Michigan","Branch County","","2018MI023005","Sebewa","fine-loamy over sandy or sandy-skeletal, mesic, typic argiaquolls",24.5,2018,"Adrian muck, 0 to 1 percent slopes","keep1","Sebewa"
"GRR.GJS.2018.24","gs20180912.06","Wetland Determination",41.8008166666667,-85.02765,2018,9,12,"Michigan","Branch County","","2018MI023006","Palms","loamy, mesic, terric haplosaprists",9.9,2018,"Houghton muck, 0 to 1 percent slopes","keep1","Palms"
"GRR.GJS.2018.25","gs20180919.01","Wetland Determination",42.1473666666667,-85.1124,2018,9,19,"Michigan","Calhoun County","","2018MI025001","Gilford","coarse-loamy, mesic, typic endoaquolls",13,2018,"Brady sandy loam, 1 to 4 percent slopes","keep1","Gilford"
"GRR.GJS.2018.26","gs20180919.02","Wetland Determination",42.1482166666667,-85.1128166666667,2018,9,19,"Michigan","Calhoun County","","2018MI025002","Sebewa","fine-loamy, mesic, typic endoaqualfs",8.4,2018,"Brady sandy loam, 1 to 4 percent slopes","keep1","Sebewa"
"GRR.GJS.2018.27","gs20180919.03","Wetland Determination",42.1488166666667,-85.1134,2018,9,19,"Michigan","Calhoun County","","2018MI025004","Spinks","mesic, psammentic hapludalfs",10.6,2018,"Brady sandy loam, 1 to 4 percent slopes","keep1","Spinks"
"GRR.GJS.2018.28","gs20180919.04","Wetland Determination",42.1498,-85.1133333333333,2018,9,19,"Michigan","Calhoun County","","2018MI025003","Palms","loamy, mesic, terric haplosaprists",8.3,2018,"Palms muck, 0 to 1 percent slopes","keep1","Palms"
"GRR.GJS.2018.29","gs20180919.05","Wetland Determination",42.1505166666667,-85.11405,2018,9,19,"Michigan","Calhoun County","","2018MI025005","Kalamazoo","fine-loamy, mesic, typic hapludalfs",9.6,2018,"Oshtemo sandy loam, 6 to 12 percent slopes","keep1","Kalamazoo"
"GRR.GJS.2018.3","gs20180816.01","Wetland Determination",41.8676666666667,-86.1453166666667,2018,8,16,"Michigan","Cass County","","2018MI027001","Adrian","sandy or sandy-skeletal, mesic, terric haplosaprists",13.1,2018,"Gilford sandy loam, 0 to 2 percent slopes, gravelly subsoil","keep1","Adrian"
"GRR.GJS.2018.31","gs20180927.01","Wetland Determination",42.74455,-84.7940666666667,2018,9,27,"Michigan","Eaton County","","2018MI045201","Sebewa","fine-loamy over sandy or sandy-skeletal, mesic, typic endoaquolls",13.7,2018,"Sebewa loam, 0 to 2 percent slopes","keep1","Sebewa"
"GRR.GJS.2018.32","gs20180927.02","Wetland Determination",42.7422166666667,-84.7892333333333,2018,9,27,"Michigan","Eaton County","","2018MI045202","Sebewa","fine-loamy, mesic, typic endoaquolls",6,2018,"Sebewa loam, 0 to 2 percent slopes","keep1","Sebewa"
"GRR.GJS.2018.33","gs20181003.01","Wetland Determination",42.4966666666667,-84.7255333333333,2018,10,3,"Michigan","Eaton County","","","","",1732.1,1969,"Sebewa loam, 0 to 2 percent slopes","dump","Sebewa"
"GRR.GJS.2018.34","gs20181003.02","Wetland Determination",42.4885166666667,-84.7244666666667,2018,10,3,"Michigan","Eaton County","","","","",2590.1,1969,"Marlette loam, 2 to 6 percent slopes","dump","Marlette"
"GRR.GJS.2018.35","gs20181003.03","Wetland Determination",42.4877,-84.7241333333333,2018,10,3,"Michigan","Eaton County","","","","",2674.7,1969,"Marlette loam, 2 to 6 percent slopes","dump","Marlette"
"GRR.GJS.2018.36","gs20181003.04","Wetland Determination",42.4871,-84.72405,2018,10,3,"Michigan","Eaton County","","","","",2739.5,1969,"Parkhill loam, non dense till subsoil, 0 to 2 percent slopes","dump","Parkhill"
"GRR.GJS.2018.37","gs20181003.05","Wetland Determination",42.4878833333333,-84.7256833333333,2018,10,3,"Michigan","Eaton County","","","","",2682.4,1969,"Parkhill loam, non dense till subsoil, 0 to 2 percent slopes","dump","Parkhill"
"GRR.GJS.2018.4","gs20180816.02","Wetland Determination",41.8689,-86.1455333333333,2018,8,16,"Michigan","Cass County","","2018MI027002","Adrian","sandy or sandy-skeletal, mesic, terric haplosaprists",2.8,2018,"Palms muck, 0 to 1 percent slopes","keep1","Adrian"
"GRR.GJS.2018.5","gs20180816.03","Wetland Determination",41.8653166666667,-86.1503666666667,2018,8,16,"Michigan","Cass County","","2018MI027003","Gilford","coarse-loamy, mesic, mollic endoaquepts",150.7,2018,"Gilford sandy loam, 0 to 2 percent slopes, gravelly subsoil","keep2","Gilford"
"GRR.GJS.2018.6","gs20180816.04","Wetland Determination",41.8641833333333,-86.1500333333333,2018,8,16,"Michigan","Cass County","","2018MI027003","Gilford","coarse-loamy, mesic, mollic endoaquepts",20,2018,"Gilford sandy loam, 0 to 2 percent slopes, gravelly subsoil","keep1","Gilford"
"GRR.GJS.2018.7","gs20180823.01","Wetland Determination",41.81015,-86.6446833333333,2018,8,23,"Michigan","Berrien County","","2018MI021004","Conover","fine-loamy, mesic, aquic hapludalfs",6.3,2018,"Blount loam, 0 to 4 percent slopes","keep1","Conover"
"GRR.GJS.2018.8","gs20180823.02","Wetland Determination",41.8454833333333,-86.51905,2018,8,23,"Michigan","Berrien County","","2018MI021003","Conover","fine-loamy, mesic, aquic hapludalfs",6.1,2018,"Cohoctah sandy loam","keep1","Conover"
"GRR.GJS.2018.9","gs20180823.03","Wetland Determination",41.8470833333333,-86.5187,2018,8,23,"Michigan","Berrien County","","","","",182,2018,"Edwards muck, 0 to 1 percent slopes","dump","Edwards"
"GRR.GJS.2019.1","GRR1","Temperature",44.3602778,-85.6794444,2019,6,26,"Michigan","Wexford County","","2019MI165001","Rubicon","sandy, frigid, entic haplorthods",0,2019,"Kalkaska sand, 6 to 12 percent slopes","keep1","Rubicon"
"GRR.GJS.2019.10","s20190820.01","Wetland Determination",42.5208638888889,-85.0369611111111,2019,8,20,"Michigan","Eaton County","","2019MI045003","Colwood","fine-loamy, mesic, aquic hapludolls",2.3,2019,"Colwood loam","keep1","Colwood"
"GRR.GJS.2019.11","s20190820.02","Wetland Determination",42.5220777777778,-85.0358777777778,2019,8,20,"Michigan","Eaton County","","2019MI045004","Aurelius","fine-silty, mesic, histic humaquepts",13.1,2019,"Palms muck, 0 to 1 percent slopes","keep1","Aurelius"
"GRR.GJS.2019.12","s20190820.03","Wetland Determination",42.5234472222222,-85.0369388888889,2019,8,20,"Michigan","Eaton County","","2019MI045005","Teasdale","coarse-loamy, mesic, aquic glossudalfs",16,2019,"Parkhill loam, non dense till subsoil, 0 to 2 percent slopes","keep1","Teasdale"
"GRR.GJS.2019.13","s20190820.04","Wetland Determination",42.5214361111111,-85.0343805555556,2019,8,20,"Michigan","Eaton County","","2019MI045006","Toto","mesic, limnic haplosaprists",11.9,2019,"Palms muck, 0 to 1 percent slopes","keep1","Toto"
"GRR.GJS.2019.14","s20190905.01","Wetland Determination",42.0450388888889,-84.9226055555556,2019,9,5,"Michigan","Branch County","","2019MI023001","Locke","fine-loamy, mesic, aquollic hapludalfs",61.4,2019,"Sebewa loam, 0 to 2 percent slopes","keep3","Locke"
"GRR.GJS.2019.15","s20190905.02","Wetland Determination",41.7926555555556,-84.9227805555556,2019,9,5,"Michigan","Branch County","","2019MI023100","Barry","fine-loamy, mesic, typic argiaquolls",7.5,2019,"Locke fine sandy loam, 1 to 4 percent slopes","keep1","Barry"
"GRR.GJS.2019.16","s20190905.03","Wetland Determination",41.7891722222222,-84.9229805555556,2019,9,5,"Michigan","Branch County","","2019MI023101","Elmdale","coarse-loamy, mesic, oxyaquic hapludalfs",32,2019,"Locke fine sandy loam, 1 to 4 percent slopes","keep1","Elmdale"
"GRR.GJS.2019.17","s20190905.04","Wetland Determination",41.7952388888889,-84.9262444444444,2019,9,5,"Michigan","Branch County","","2019MI023102","Thomas","fine-loamy, mesic, histic humaquepts",5.7,2019,"Houghton muck, 0 to 1 percent slopes","keep1","Thomas"
"GRR.GJS.2019.18","s20191010.01","Soil",44.1058222222222,-84.2879472222222,2019,10,10,"Michigan","Gladwin County","Ingallis","2019MI051017","Ingalls","sandy over loamy, frigid, aeric endoaquents",1.5,2019,"Iosco-Au Gres-Ingalls association","keep1","Ingalls"
"GRR.GJS.2019.19","s20191010.02","Soil",44.040675,-84.2796444444444,2019,10,10,"Michigan","Gladwin County","Hetinger","2019MI051019","Hettinger","fine-loamy, frigid, mollic epiaquents",11.8,2019,"Hettinger-Brevort-Burleigh association","keep1","Hettinger"
"GRR.GJS.2019.2","GRR2","Temperature",44.3701389,-85.7571111,2019,6,26,"Michigan","Wexford County","","2019MI165002","Grattan","sandy, mesic, entic haplorthods",0,2019,"Kalkaska sand, 6 to 12 percent slopes","keep1","Grattan"
"GRR.GJS.2019.20","s20191017.01","Soil",43.9074694444444,-84.2455444444444,2019,10,17,"Michigan","Gladwin County","","","","",125.7,2019,"Bruce-Brimley-Burleigh association","dump","Bruce-Brimley-Burleigh"
"GRR.GJS.2019.21","s20191017.02","Soil",44.1408833333333,-84.3120805555556,2019,10,17,"Michigan","Gladwin County","","2019MI051016","Gladwin","sandy, frigid, aquic arenic hapludalfs",11.2,2019,"Gladwin-Epoufette-Croswell association, undulating","keep1","Gladwin"
"GRR.GJS.2019.22","s20190701.01","Wetland Determination",42.0984833333333,-84.9350944444444,2019,7,1,"Michigan","Calhoun County","","2019MI025002","Thomas","fine-loamy, mesic, histic humaquepts",4.1,2019,"Barry loam, 0 to 2 percent slopes","keep1","Thomas"
"GRR.GJS.2019.23","s20190701.02","Wetland Determination",42.0980861111111,-84.9360694444444,2019,7,1,"Michigan","Calhoun County","","2019MI025003","Coloma","mesic, oxyaquic udipsamments",5.7,2019,"Sebewa loam, 0 to 2 percent slopes","keep1","Coloma"
"GRR.GJS.2019.24","s20190701.03","Wetland Determination",42.3466138888889,-84.7736861111111,2019,7,1,"Michigan","Calhoun County","","","","",624.7,1989,"Pella silt loam","dump","Pella"
"GRR.GJS.2019.3","GRR5","Temperature",43.68175,-85.5799722,2019,6,26,"Michigan","Newaygo County","","2019MI123001","Isabella","fine-loamy, frigid, haplic glossudalfs",0,2019,"Grattan, banded substratum-Metea complex, 6 to 18 percent slopes","keep1","Isabella"
"GRR.GJS.2019.4","GRR6","Temperature",43.631,-85.7725278,2019,6,26,"Michigan","Newaygo County","","2019MI123002","Grattan","sandy, mesic, entic haplorthods",0,2019,"Grattan sand, banded substratum, 0 to 6 percent slopes","keep1","Grattan"
"GRR.GJS.2019.5","s20190722.01","Wetland Determination",42.5162833333333,-84.8325694444444,2019,7,22,"Michigan","Eaton County","","2019MI045001","Parkhill","fine-loamy, mesic, mollic epiaquepts",26.6,2019,"Capac loam, 0 to 4 percent slopes","keep1","Parkhill"
"GRR.GJS.2019.6","s20190722.02","Wetland Determination",42.516575,-84.8318055555555,2019,7,22,"Michigan","Eaton County","","2019MI045002","Capac","fine-loamy, mesic, aquic glossudalfs",3.7,2019,"Capac loam, 0 to 4 percent slopes","keep1","Capac"
"GRR.GJS.2019.7","s20190722.03","Wetland Determination",43.0196888888889,-84.7525027777778,2019,7,22,"Michigan","Clinton County","","2019MI037001","Ziegenfuss","fine, mesic, mollic epiaquepts",21.5,2019,"Sims silty clay loam","keep1","Ziegenfuss"
"GRR.GJS.2019.8","s20190722.04","Wetland Determination",43.0195222222222,-84.7543527777778,2019,7,22,"Michigan","Clinton County","","2019MI037002","Capac","fine-loamy, mesic, aquic glossudalfs",5.7,2019,"Sims silty clay loam","keep1","Capac"
"GRR.GJS.2019.9","s20190726.01","Soil",43.1552555555556,-86.0597111111111,2019,7,26,"Michigan","Muskegon County","","F2008MI121001","Saugatuck","sandy, mesic, duric alaquods",7.5,2008,"Pipestone-Covert-Saugatuck sands, 0 to 3 percent slopes","keep1","Saugatuck"
"GRR.GJS.2020.1","s20200527.01","Wetland Determination",42.7288472222222,-84.8431083333333,2020,5,27,"Michigan","Eaton County","","2020MI045001","Parkhill","fine-loamy, mesic, mollic epiaquepts",2.4,2020,"Parkhill loam, non dense till subsoil, 0 to 2 percent slopes","keep1","Parkhill"
"GRR.GJS.2020.10","s20200604.04","Wetland Determination",43.21355,-85.9336333333333,2020,6,4,"Michigan","Muskegon County","","2020MI121104","Granby","sandy, mesic, typic endoaquolls",19.6,2020,"Covert-Pipestone sands, 0 to 6 percent slopes","keep1","Granby"
"GRR.GJS.2020.11","s20200610.02","Wetland Determination",43.0686166666667,-86.0827166666667,2020,6,10,"Michigan","Ottawa County","","2020MI139001","Rapson","sandy over loamy, mesic, aquic udorthents",4.1,2020,"Pipestone-Covert-Saugatuck sands, 0 to 3 percent slopes","keep1","Rapson"
"GRR.GJS.2020.12","s20200610.03","Wetland Determination",43.06701,-86.082616,2020,6,10,"Michigan","Ottawa County","","2020MI139002","Lamson","fine-loamy, mesic, typic endoaquepts",8.2,2020,"Pinconning and Breckenridge sandy loams","keep1","Lamson"
"GRR.GJS.2020.13","s20200611.01","Medium Intensity Plot: Strata",42.1694916666667,-85.6332888888889,2020,6,11,"Michigan","Kalamazoo County","Houghton","","","",2520.7,2014,"Houghton muck, 0 to 1 percent slopes","dump","Houghton"
"GRR.GJS.2020.14","s20200701.01","Medium Intensity Plot: Strata",42.3675166666667,-84.1017777777778,2020,7,1,"Michigan","Washtenaw County","Houghton","","","",5469.8,2011,"Houghton muck, disintegration moraine, 0 to 2 percent slopes","dump","Houghton"
"GRR.GJS.2020.15","s20200710.01","Medium Intensity Plot: Strata",42.6647222222222,-85.4531555555556,2020,7,10,"Michigan","Barry County","Edwards","","","",897.2,2014,"Edwards muck, 0 to 1 percent slopes","dump","Edwards"
"GRR.GJS.2020.16","s20200710.02","Medium Intensity Plot: Strata",42.6652805555556,-85.4531194444445,2020,7,10,"Michigan","Barry County","Edwards","","","",893.7,2014,"Edwards muck, 0 to 1 percent slopes","dump","Edwards"
"GRR.GJS.2020.17","s20200904.02","Wetland Determination",43.1444527777778,-85.5069388888889,2020,9,4,"Michigan","Kent County","","2020MI081001","Marlette","fine-loamy, mesic, oxyaquic glossudalfs",5.2,2020,"Metamora sandy loam, 0 to 3 percent slopes","keep1","Marlette"
"GRR.GJS.2020.18","s20200904.03","Wetland Determination",43.1437166666667,-85.5088777777778,2020,9,4,"Michigan","Kent County","","2020MI081002","Brookston","fine-loamy, mesic, typic argiaquolls",5,2020,"Metamora sandy loam, 0 to 3 percent slopes","keep1","Brookston"
"GRR.GJS.2020.19","s20200904.04","Wetland Determination",43.1384638888889,-85.503575,2020,9,4,"Michigan","Kent County","","2020MI081003","Marlette","fine-loamy, mesic, oxyaquic glossudalfs",4.4,2020,"Wasepi loamy sand, 0 to 4 percent slopes","keep1","Marlette"
"GRR.GJS.2020.2","s20200527.02","Wetland Determination",42.7306638888889,-84.8423666666667,2020,5,27,"Michigan","Eaton County","","2020MI045002","Parkhill","fine-loamy, mesic, mollic epiaquepts",11.9,2020,"Marlette loam, 2 to 6 percent slopes","keep1","Parkhill"
"GRR.GJS.2020.20","s20200924.01","Wetland Determination",43.3592,-86.3429444444444,2020,9,24,"Michigan","Muskegon County","","2020MI121105","Pipestone","sandy, mesic, typic endoaquods",16.7,2020,"Granby loamy sand, lake plain, 0 to 2 percent slopes","keep1","Pipestone"
"GRR.GJS.2020.21","s20200924.02","Wetland Determination",43.3597777777778,-86.3420722222222,2020,9,24,"Michigan","Muskegon County","","2020MI121106","Pipestone","sandy, mesic, typic endoaquods",10.3,2020,"Granby loamy sand, lake plain, 0 to 2 percent slopes","keep1","Pipestone"
"GRR.GJS.2020.22","s20200924.04","Wetland Determination",43.3665583333333,-86.3421777777778,2020,9,24,"Michigan","Muskegon County","","2020MI121107","Grattan","sandy, mesic, entic haplorthods",4.6,2020,"Pipestone-Covert-Saugatuck sands, 0 to 3 percent slopes","keep1","Grattan"
"GRR.GJS.2020.3","s20200527.03","Wetland Determination",42.7313388888889,-84.8425222222222,2020,5,27,"Michigan","Eaton County","","2020MI045003","Parkhill","fine-loamy, mesic, typic epiaquepts",3.4,2020,"Marlette loam, 2 to 6 percent slopes","keep1","Parkhill"
"GRR.GJS.2020.4","s20200527.04","Wetland Determination",42.7327416666667,-84.8426833333333,2020,5,27,"Michigan","Eaton County","","2020MI045004","Miami","fine-loamy, mesic, oxyaquic hapludalfs",5.1,2020,"Sebewa loam, 0 to 2 percent slopes","keep1","Miami"
"GRR.GJS.2020.5","s20200527.05","Wetland Determination",42.7328805555556,-84.8435305555555,2020,5,27,"Michigan","Eaton County","","2020MI045005","Brookston","fine-loamy, mesic, typic argiaquolls",8.4,2020,"Sebewa loam, 0 to 2 percent slopes","keep1","Brookston"
"GRR.GJS.2020.6","s20200527.06","Wetland Determination",42.733525,-84.8425083333333,2020,5,27,"Michigan","Eaton County","","2020MI045006","Brookston","fine-loamy, mesic, typic argiaquolls",6.5,2020,"Sebewa loam, 0 to 2 percent slopes","keep1","Brookston"
"GRR.GJS.2020.7","s20200604.01","Wetland Determination",43.2091972222222,-85.9347444444444,2020,6,4,"Michigan","Muskegon County","","2020MI121101","Newton","sandy, mesic, histic humaquepts",7.2,2020,"Saranac loam","keep1","Newton"
"GRR.GJS.2020.8","s20200604.02","Wetland Determination",43.2127888888889,-85.9319722222222,2020,6,4,"Michigan","Muskegon County","","2020MI121102","Glendora","mesic, mollic psammaquents",6.8,2021,"Deford fine sand","keep1","Glendora"
"GRR.GJS.2020.9","s20200604.03","Wetland Determination",43.2125333333333,-85.9326833333333,2020,6,4,"Michigan","Muskegon County","","2020MI121103","Pipestone","sandy, mesic, typic endoaquods",6.8,2020,"Deford fine sand","keep1","Pipestone"
"GRR.GJS.2021.1","s20210525.01","Medium Intensity Plot: Strata",43.5833833333333,-82.8294666666667,2021,5,25,"Michigan","Sanilac County","Nepoleon","","","",6886.8,2011,"Rifle peat, 0 to 2 percent slopes","dump","Rifle"
"GRR.GJS.2021.10","s20210701.01","Medium Intensity Plot: Strata",42.60705,-86.0620166666667,2021,7,1,"Michigan","Allegan County","","","","",5256.7,2011,"Aquents and Histosols, ponded","dump","Aquents"
"GRR.GJS.2021.11","s20210701.02","Medium Intensity Plot: Strata",42.60745,-86.0620666666667,2021,7,1,"Michigan","Allegan County","","","","",5295.5,2011,"Aquents and Histosols, ponded","dump","Aquents"
"GRR.GJS.2021.2","s20210525.02","Medium Intensity Plot: Strata",43.7925,-82.8814333333333,2021,5,25,"Michigan","Huron County","Edwards taxajunct","","","",9248.2,1977,"Pinnebog muck","dump","Pinnebog"
"GRR.GJS.2021.3","s20210525.03","Medium Intensity Plot: Strata",43.7693333333333,-82.8464166666667,2021,5,25,"Michigan","Huron County","Palms","","","",7442.3,1977,"Linwood muck","dump","Linwood"
"GRR.GJS.2021.4","s20210527.01","Medium Intensity Plot: Strata",41.7629833333333,-83.6886,2021,5,27,"Michigan","Monroe County","","","","",6067.7,1967,"Pewamo clay loam","dump","Pewamo"
"GRR.GJS.2021.5","s20210527.02","Medium Intensity Plot: Strata",41.7626333333333,-83.6912333333333,2021,5,27,"Michigan","Monroe County","","","","",6202.9,1967,"Metamora sandy loam, 0 to 3 percent slopes","dump","Metamora"
"GRR.GJS.2021.6","s20210527.03","Medium Intensity Plot: Strata",41.7624166666667,-83.6926,2021,5,27,"Michigan","Monroe County","","","","",6280.2,1967,"Pewamo clay loam","dump","Pewamo"
"GRR.GJS.2021.7","C-RF-1","High Intensity Plot: Nested",42.993,-84.6944,2021,6,0,"Michigan","Clinton County","","S2020MI037003A","Conover","fine-loamy, mesic, aquic glossudalfs",9.6,2020,"Parkhill loam, non dense till subsoil, 0 to 2 percent slopes","keep1","Conover"
"GRR.GJS.2021.8","C-RF-2","High Intensity Plot: Nested",42.9277833333333,-84.4033,2021,5,3,"Michigan","Clinton County","","S2021MI037002","Crosier","fine-loamy, udollic epiaqualfs",13.5,2021,"Conover loam, 0 to 4 percent slopes","keep1","Crosier"
"GRR.GJS.2021.9","C-RF-3","High Intensity Plot: Nested",42.6818111111111,-84.6702138888889,2021,5,5,"Michigan","Eaton County","","S2021MI045001","Conover","fine-loamy, mesic, aquollic hapludalfs",5.9,2021,"Conover loam, 0 to 4 percent slopes","keep1","Conover"
